residence_name,website_url,address,avg_price_per_unit,avg_price_per_sqft,budget_start_range,budget_end_range,floor_area_sqft,no_of_units,build_year,development_status,rental_potential,pet_friendly,accessible,confidence score,city,country,feature_names,amenity_names,other_amenities,highlighted_amenity1,highlighted_amenity2,highlighted_amenity3,ameneties_count,associated_brand,brief_subtitle,brief_description
Regent Residences,http://regentresidencesphuquoc.com/en/,"Phu Quoc Marina Integrated Complex, Bai Truong, Duong To",2500000,1250,1500000,4000000,2000,76,2022,completed,high,yes,yes,94,Phu Quoc,Vietnam,"Private plunge pools, fitness center, beach club, wellness spa","Swimming Pool, Gym, Parking Space/Garage, Private Garden, Security, On-site Restaurant/Café","24-hour concierge, kids’ club, beach access, water sports, in-residence dining",Oceanfront pool with Sunset Beach views,Oku restaurant with Japanese cuisine,Regent Spa with holistic wellness treatments,11,Regent,Discover unparalleled luxury with breathtaking ocean views and private infinity pools.,"The Regent Residences in Phu Quoc boast breathtaking ocean views, private beach access, and luxurious amenities tailored for ultimate relaxation."
The Ritz-Carlton Residences,https://www.rcrrivieramaya.com/,"Riviera Maya, Mexico  
Carretera Federal 307, Km 45,  
77710 Playa del Carmen,  
Quintana Roo, Mexico",3500000,1400,1824000,7000000,2500,127,2026,under construction,high,yes,yes,93,Quintana Roo,Mexico,"Private terraces, fitness center, beach club, wellness spa","Swimming Pool, Gym, Parking Space/Garage, Private Garden, Security, On-site Restaurant/Café","24-hour concierge, kids’ club, beach access, water sports, in-residence dining",Beachfront pool with Caribbean Sea views,Rito restaurant with Mexican cuisine,Catamaran Club with exclusive beach access,11,Ritz-Carlton,Indulge in luxurious beachfront living surrounded by lush tropical landscapes and azure waters.,"Offering breathtaking ocean views and private access to pristine beaches, this residence features luxurious amenities and unparalleled tranquility."
"The Ritz-Carlton Residences, Palm Hills",,"Palmet, 6th of October City, West Cairo",2000000,800,1000000,4000000,2500,150,2025,under construction,high,yes,yes,92,Cairo,Egypt,"Private terraces, fitness center, wellness center, private dining spaces","Swimming Pool, Gym, Parking Space/Garage, Private Garden, Security, On-site Restaurant/Café","24-hour concierge, sauna, residents’ lounge, in-residence dining, kids’ play area",Lagoon-style pool with garden views,Curated dining with international cuisine,Wellness center with sauna facilities,11,Ritz-Carlton,Immerse yourself in opulent serenity with breathtaking golf course views and timeless elegance.,"Offering breathtaking views of the Pyramids, this luxurious residence boasts unparalleled amenities, including a private beach club and lush gardens."
The Ritz-Carlton Residences,https://rcrnewportbeach.com/,"Newport Beach, 2121 S Pacific Coast Hwy, Newport Beach, CA 92660, United States.",8000000,2667,5000000,15000000,3000,138,2027,under construction,high,yes,yes,93,Newport Beach,United States,"Private balconies, fitness center, wellness spa, private dining spaces","Swimming Pool, Gym, Parking Space/Garage, Security, On-site Restaurant/Café","24-hour concierge, sauna, residents’ lounge, in-residence dining, rooftop terrace",Rooftop pool with Pacific Ocean views,Signature dining with coastal cuisine,Wellness spa with sauna facilities,10,Ritz-Carlton,Indulge in luxurious coastal living with breathtaking ocean views and unparalleled amenities.,"Offering stunning panoramic views of the Pacific Ocean, these residences feature private balconies and unparalleled access to luxurious amenities."
The Ritz-Carlton Residences,https://www.theresidencesatthewoodlands.com/,"2301 N Millbend Dr, The Woodlands, United States",4500000,1500,2500000,7500000,3000,111,2025,under construction,high,yes,yes,93,The Woodlands,United States,"Private terraces, fitness center, wellness spa, private dining spaces","Swimming Pool, Gym, Parking Space/Garage, Private Garden, Security, On-site Restaurant/Café","24-hour concierge, sauna, residents’ lounge, in-residence dining, pet grooming",Lakefront pool with scenic views,Signature dining with curated menus,Wellness spa with sauna facilities,11,Ritz-Carlton,Immerse yourself in unparalleled luxury with serene forest views and bespoke elegance.,"Offering stunning waterfront views and luxurious amenities, this residence boasts exclusive access to a private yacht club and expansive outdoor spaces."
The Ritz-Carlton Residences,https://www.rcbeachhouses.com/,15701 Collins Avenue,10000000,3333,4250000,20000000,3000,30,2027,under construction,high,yes,yes,94,Miami,United States,"Private balconies, fitness center, wellness spa, private dining spaces","Swimming Pool, Gym, Parking Space/Garage, Security, On-site Restaurant/Café","24-hour concierge, kids’ club, beach access, sauna, in-residence dining",Oceanfront pool with Atlantic views,Signature dining with coastal cuisine,Wellness spa with sauna facilities,10,Ritz-Carlton,Elevate your lifestyle with breathtaking ocean views and unparalleled luxury amenities.,"Offering stunning waterfront views, these residences feature private balconies, luxurious amenities, and direct access to vibrant cultural attractions."
The Ritz-Carlton Residences,https://rc-residences-al-wadi-desert.sothebysrealty.ae/utm_source=google&utm_medium=cpc&utm_campaign=rc-official,"Al Wadi Desert, Ras Al Khaimah, United Arab Emirates.",5500000,1100,4200000,7000000,5000,35,2027,under construction,high,yes,yes,95,Ras Al Khaimah,UAE,"Private plunge pools, fitness center, wellness spa, private terraces","Swimming Pool, Gym, Parking Space/Garage, Private Garden, Security, On-site Restaurant/Café","24-hour concierge, kids’ club, sauna, in-residence dining, falconry experience",Private plunge pool with desert dune views,Farmhouse restaurant with farm-to-table cuisine,Rainforest Spa with hydrothermal therapy,11,Ritz-Carlton,Discover luxurious desert living with private villas surrounded by stunning natural beauty.,"Surrounded by breathtaking desert landscapes, these residences offer private pools, stunning mountain views, and unparalleled access to nature."
The Ritz-Carlton Residences,https://www.diriyahcompany.sa/en/diriyah-living/ritz-carlton,"Palmet, Diriyah",6000000,1500,3000000,10000000,4000,100,2026,under construction,high,yes,yes,92,Diriyah,Saudi Arabia,"Private terraces, fitness center, wellness spa, private dining spaces","Swimming Pool, Gym, Parking Space/Garage, Private Garden, Security, On-site Restaurant/Café","24-hour concierge, sauna, residents’ lounge, in-residence dining, kids’ play area",Outdoor pool with Diriyah heritage views,Curated dining with Middle Eastern cuisine,Wellness spa with sauna facilities,11,Ritz-Carlton,Immerse yourself in timeless luxury amid Diriyah’s UNESCO-protected cultural treasures.,"Overlooking the historic At-Turaif district, these residences boast unparalleled luxury with private terraces and bespoke concierge services."
The Ritz-Carlton Residences,,"Al Khobar, Saudi Arabia.",3500000,1167,2000000,6000000,3000,,,,high,yes,yes,85,Al Khobar,Saudi Arabia,"Private balconies, fitness center, wellness spa, private dining spaces","Swimming Pool, Gym, Parking Space/Garage, Private Garden, Security, On-site Restaurant/Café","24-hour concierge, beach access, sauna, in-residence dining, residents’ lounge",Oceanfront pool with Arabian Gulf views,Fine dining with curated coastal cuisine,Wellness spa with sauna facilities,11,Ritz-Carlton,Embrace unparalleled luxury with breathtaking Arabian Gulf views from your private oasis.,"Boasting panoramic views of the Arabian Gulf, these residences feature lavish amenities and unparalleled access to vibrant waterfront attractions."
The Ritz-Carlton Residences,https://rcresidencesbaku.com/en/?utm_source=website&utm_medium=image&utm_campaign=listing&utm_id=marriott%20channels,"1, Azadlig Avenue, Baku, AZ1000, Azerbaijan.",4500000,1800,2500000,7500000,2500,173,2023,completed,high,yes,yes,94,Baku,Azerbaijan,"Private terraces, fitness center, wellness spa, private dining spaces","Swimming Pool, Gym, Parking Space/Garage, Security, On-site Restaurant/Café","24-hour concierge, sauna, residents’ lounge, in-residence dining, rooftop terrace",Rooftop pool with Caspian Sea views,Signature dining with curated menus,Wellness spa with sauna facilities,10,Ritz-Carlton,"Indulge in breathtaking views of the Caspian Sea from luxurious, modern residences.","Offering breathtaking views of the Caspian Sea and the Flame Towers, this residence features unparalleled luxury amenities and exquisite design."
"The Ritz-Carlton Residences, Business Bay",https://rcresidences-businessbay.com/,"Marasi Drive, Business Bay, Dubai Water Canal, Dubai, UAE",6000000,2000,3500000,12000000,3000,54,2025,under construction,high,yes,yes,95,Dubai,UAE,"Private balconies, fitness center, private cinema, residents’ lounge","Swimming Pool, Gym, Parking Space/Garage, Security, On-site Restaurant/Café","24-hour concierge, infinity pool, kids’ play area, sauna, in-residence dining",Infinity pool with Burj Khalifa views,Private cinema for resident screenings,In-residence dining with curated menus,10,Ritz-Carlton,"Elevating luxury living, this waterfront sanctuary offers breathtaking canal and skyline views.","Offering breathtaking views of the Burj Khalifa and Dubai Water Canal, this residence features unparalleled amenities and exquisite design."
"The Ritz-Carlton Residences, Bay",https://www.theresidencessarasotabay.com/,"The Ritz-Carlton Residences, Sarasota  
1300 Benjamin Franklin Drive  
Sarasota, FL 34236  
United States",7500000,2500,4000000,12000000,3000,78,2025,under construction,high,yes,yes,94,Sarasota,United States,"Private balconies, fitness center, wellness spa, private dining spaces","Swimming Pool, Gym, Parking Space/Garage, Security, On-site Restaurant/Café","24-hour concierge, beach access, sauna, residents’ lounge, in-residence dining",Bayfront pool with Sarasota Bay views,Signature dining with coastal cuisine,Wellness spa with sauna facilities,10,Ritz-Carlton,Discover unparalleled luxury with breathtaking waterfront views and world-class amenities.,"Offering breathtaking views of Sarasota Bay, this residence features private beach access and unparalleled luxury amenities, redefining coastal living."
The Ritz-Carlton Residences,https://www.rcrnaples.com/,"Naples  
4101 Gulf Shore Blvd N,  
Naples, FL 34103,  
United States",7500000,2500,3700000,15000000,3000,128,2025,under construction,high,yes,yes,95,Naples,United States,"Private terraces, fitness center, beach club, wellness spa","Swimming Pool, Gym, Parking Space/Garage, Security, On-site Restaurant/Café","24-hour concierge, beach access, sauna, in-residence dining, residents’ lounge",Beachfront pool with Gulf of Mexico views,Signature dining with coastal cuisine,Wellness spa with sauna facilities,10,Ritz-Carlton,Indulge in luxurious beachfront living with stunning Gulf views and unparalleled amenities.,"Overlooking the Gulf of Mexico, these luxurious residences feature private beach access, stunning sunset views, and exceptional amenities."
"The Ritz-Carlton Residences, South Station Tower",https://southstationresidences.com/,"The Ritz-Carlton Residences, South Station Tower  
South Station Tower, Boston, MA 02111, United States",5000000,2500,2500000,10000000,2000,166,2028,under construction,high,yes,yes,93,Boston,United States,"Private cinema, fitness center, wellness spa, sky park","Swimming Pool, Gym, Parking Space/Garage, Private Garden, Security, On-site Restaurant/Café","24-hour concierge, sauna, residents’ lounge, in-residence dining, sports simulator",72-foot outdoor pool with Boston Harbor views,Chef’s kitchen for private dining events,Nearly one-acre private sky park with gardens,11,Ritz-Carlton,Elevated luxury living with breathtaking city views and unrivaled five-star amenities.,"Offering breathtaking skyline views and unparalleled access to Boston's vibrant cultural scene, this residence redefines luxury living."
The Ritz-Carlton Residences,https://southstationresidences.com/,2401 PGA Boulevard,6000000,2000,4000000,10000000,3000,106,2025,under construction,high,yes,yes,94,Palm Beach Gardens,United States,"Private balconies, fitness center, wellness spa, private dining spaces","Swimming Pool, Gym, Parking Space/Garage, Private Garden, Security, On-site Restaurant/Café","24-hour concierge, sauna, residents’ lounge, in-residence dining, pet spa",Resort-style pool with lush garden views,Signature dining with coastal cuisine,Wellness spa with sauna facilities,11,Ritz-Carlton,Discover unparalleled luxury with breathtaking waterfront views and world-class amenities.,"Offering stunning waterfront views and direct access to pristine beaches, this residence features unparalleled luxury and exclusive amenities."
"The Ritz-Carlton Residences, Al Jazi Gardens",https://marriottresidences.com/luxury_brand/the-ritz-carlton-residences/?utm_source=residences-referral,"Al Jazi Gardens, First Settlement, New Cairo",1800000,720,1000000,3500000,2500,100,2026,under construction,high,yes,yes,92,Cairo,Egypt,"Private terraces, fitness center, wellness center, private dining spaces","Swimming Pool, Gym, Parking Space/Garage, Private Garden, Security, On-site Restaurant/Café","24-hour concierge, sauna, residents’ lounge, in-residence dining, kids’ play area",Lagoon-style pool with garden views,Curated dining with international cuisine,Wellness center with sauna facilities,11,Ritz-Carlton,Discover unparalleled luxury with lush gardens and stunning views in vibrant New Cairo.,"Offering breathtaking views of lush gardens and a serene lake, this exclusive residence features luxurious amenities and exceptional privacy."
The Ritz-Carlton Residences,https://theresidencespompanobeach.com/,"Pompano Beach, 1 N Ocean Blvd, Pompano Beach, FL 33062, United States.",9000000,3000,4500000,20000000,3000,205,2025,under construction,high,yes,yes,95,Pompano Beach,United States,"Private balconies, fitness center, wellness spa, private dining spaces","Swimming Pool, Gym, Parking Space/Garage, Security, On-site Restaurant/Café","24-hour concierge, beach access, sauna, in-residence dining, residents’ lounge",Oceanfront pool with Atlantic views,Signature dining with coastal cuisine,Wellness spa with sauna facilities,10,Ritz-Carlton,Elevated beachfront living with private sky villas and panoramic ocean views.,"Overlooking pristine beaches, these residences boast expansive ocean views, private balconies, and unparalleled access to luxury amenities."
"The Ritz-Carlton Residences, Creekside",https://www.theresidencesdubaicreek.com/,"Ras Al Khor Nature Reserve, Dubai Creek",10000000,2500,5000000,20000000,4000,48,2027,under construction,high,yes,yes,94,Dubai,UAE,"Private terraces, fitness center, wellness spa, private dining spaces","Swimming Pool, Gym, Parking Space/Garage, Private Garden, Security, On-site Restaurant/Café","24-hour concierge, sauna, residents’ lounge, in-residence dining, waterfront promenade",Infinity pool with Dubai Creek views,Curated dining with Middle Eastern cuisine,Wellness spa with sauna facilities,11,Ritz-Carlton,Immerse in unparalleled luxury with breathtaking waterfront views and bespoke amenities.,"Offering breathtaking views of the Dubai Creek, this residence boasts private terraces, luxurious amenities, and unparalleled waterfront access."
"The Ritz-Carlton Residences, Estero Bay",https://theresidencesesterobay.com/,"The Ritz-Carlton Residences, Estero Bay  
Saltleaf on Estero Bay, Bonita Springs",6500000,2167,3500000,12000000,3000,224,2026,under construction,high,yes,yes,94,Bonita Springs,United States,"Private balconies, fitness center, wellness spa, private dining spaces","Swimming Pool, Gym, Parking Space/Garage, Private Garden, Security, On-site Restaurant/Café, Golf","24-hour concierge, beach access, sauna, in-residence dining, whiskey lounge",Lagoon-front pool with Estero Bay views,Signature dining with coastal cuisine,Whiskey lounge for exclusive tastings,12,Ritz-Carlton,Indulge in luxurious waterfront living with breathtaking sunset views over Estero Bay.,"Overlooking Estero Bay, this luxurious residence boasts stunning waterfront views, private boat docks, and unparalleled access to pristine beaches."
The Ritz-Carlton Residences,https://rc-bodrum.com/,"Bodrum, Turkey, is located at:  
 Bodrum,  
Gökçebel Mahallesi,  
Kaya İkizler Caddesi No: 8,  
48400 Bodrum, Muğla, Turkey.",4500000,900,3000000,7000000,5000,75,2020,completed,high,yes,yes,95,Bodrum,Turkey,"Private heated pools, fitness center, beach club, wellness spa","Swimming Pool, Gym, Parking Space/Garage, Private Garden, Security, On-site Restaurant/Café","24-hour concierge, kids’ club, beach access, sauna, swimmable natural pond",Private heated pool with Aegean Sea views,Signature dining with Mediterranean cuisine,1.7-mile secluded sandy beach,11,Ritz-Carlton,"Overlooking turquoise Aegean waters, these ultra-luxury residences redefine coastal elegance.","Offering breathtaking panoramic views of the Aegean Sea, these residences feature private terraces, infinity pools, and unparalleled luxury amenities."
"The Ritz-Carlton Residences, NoMad",https://marriottresidences.com/luxury_brand/the-ritz-carlton-residences/?utm_source=residences-referral,"The Ritz-Carlton Residences, NoMad  
1185 Broadway  
New York, NY 10001  
USA",8000000,3200,4000000,15000000,2500,112,2022,completed,high,yes,yes,95,New York,United States,"Private balconies, fitness center, wellness spa, private dining spaces","Swimming Pool, Gym, Parking Space/Garage, Security, On-site Restaurant/Café","24-hour concierge, sauna, residents’ lounge, in-residence dining, rooftop terrace",Rooftop pool with Manhattan skyline views,The Bazaar by José Andrés with Spanish cuisine,Wellness spa with sauna facilities,10,Ritz-Carlton,Elevate your lifestyle with panoramic skyline views and unparalleled luxury amenities.,"Offering breathtaking skyline views and luxurious amenities, this residence features a rooftop terrace and personalized concierge services in a vibrant neighborhood."
The Ritz-Carlton Residences,https://www.rcrlimassol.com/,"Amathus Coastal Heights, Limassol, Cyprus",5500000,2750,3000000,10000000,2000,95,2025,under construction,high,yes,yes,94,Limassol,Cyprus,"Private terraces, fitness center, wellness spa, private dining spaces","Swimming Pool, Gym, Parking Space/Garage, Private Garden, Security, On-site Restaurant/Café","24-hour concierge, beach access, sauna, residents’ lounge, in-residence dining",Oceanfront pool with Mediterranean Sea views,Signature dining with coastal cuisine,Wellness spa with sauna facilities,11,Ritz-Carlton,Indulge in luxury living with breathtaking Mediterranean views and exclusive beachfront access.,"Overlooking the azure Mediterranean, this luxurious residence boasts private beach access, stunning sea views, and unparalleled amenities."
The Ritz-Carlton Residences,https://www.rcrportland.com/,"Portland, 900 SW 5th Ave, Portland, OR 97204, United States.",4000000,2000,2000000,8000000,2000,139,2023,completed,high,yes,yes,95,Portland,United States,"Private balconies, fitness center, private cinema, residents’ lounge","Swimming Pool, Gym, Parking Space/Garage, Security, On-site Restaurant/Café","24-hour concierge, sauna, in-residence dining, rooftop terrace, sports simulator",Rooftop pool with Willamette River views,Signature dining with Pacific Northwest cuisine,Private cinema for resident screenings,10,Ritz-Carlton,"Elevating city living, these luxury residences offer breathtaking panoramic views of Portland.","Offering breathtaking views of the Willamette River and a rooftop terrace, this residence combines luxury with unparalleled urban convenience."
The Ritz-Carlton Residences,https://masterisehomes.com/the-grand-hanoi/,"22-24 Hang Bai, Hoan Kiem District",6250000,2500,3500000,10000000,2500,104,2023,completed,high,yes,yes,95,Hanoi,Vietnam,"Private balconies, fitness center, wellness spa, private dining spaces","Swimming Pool, Gym, Parking Space/Garage, Security, On-site Restaurant/Café","24-hour concierge, sauna, residents’ lounge, in-residence dining, rooftop terrace",Indoor pool with Hanoi skyline views,Signature dining with curated menus,Wellness spa with sauna facilities,10,Ritz-Carlton,Elevate your lifestyle in Hanoi's pinnacle of luxury with breathtaking skyline views.,"Offering breathtaking views of West Lake and the Red River, this residence features luxurious amenities and personalized services."
"The Ritz-Carlton Residences, Dove Mountain",https://theresidencesdovemountain.com/,"The Ritz-Carlton Residences, Dove Mountain  
15000 N Secret Springs Dr  
Marana, AZ 85658  
United States",3500000,875,2000000,5500000,4000,83,2014,completed,high,yes,yes,95,Marana,United States,"Private patios, fitness center, wellness spa, private dining spaces","Swimming Pool, Gym, Parking Space/Garage, Private Garden, Security, On-site Restaurant/Café, Golf","24-hour concierge, kids’ club, hiking trails, sauna, in-residence dining",Resort-style pool with Sonoran Desert views,Cayton’s restaurant with Southwestern cuisine,Access to Jack Nicklaus Signature golf courses,12,Ritz-Carlton,Discover luxurious living surrounded by stunning desert landscapes and world-class amenities.,"Offering breathtaking desert vistas and direct access to a championship golf course, this residence boasts unparalleled luxury and exclusivity."
"The Ritz-Carlton Residences, Beach",https://marriottresidences.com/luxury_brand/the-ritz-carlton-residences/?utm_source=residences-referral,"The Ritz-Carlton Residences, Miami Beach  
4701 Meridian Ave,  
Miami Beach, FL 33140, USA",,,,,,,2016,completed,high,,,,Miami,United States,"Private balconies, fitness center, wellness spa, private dining spaces","Swimming Pool, Gym, Parking Space/Garage, Security, On-site Restaurant/Café","24-hour concierge, beach access, sauna, in-residence dining, rooftop terrace",Rooftop pool with Miami Beach skyline views,Signature dining with coastal cuisine,Wellness spa with sauna facilities,10,Ritz-Carlton,Immerse yourself in unparalleled oceanfront luxury with private pools and breathtaking vistas.,"Offering breathtaking ocean views and private beach access, this residence boasts unparalleled luxury with resort-style amenities and personalized services."
The Ritz-Carlton Residences,https://marriottresidences.com/luxury_brand/the-ritz-carlton-residences/?utm_source=residences-referral,"Route de Ouarzazate, Km 12",4000000,1333,2500000,7000000,3000,86,2023,completed,high,yes,yes,90,Marrakech,Morocco,"Private terraces, fitness center, beach club, wellness spa","Swimming Pool, Gym, Parking Space/Garage, Private Garden, Security, On-site Restaurant/Café","24-hour concierge, beach access, sauna, in-residence dining, residents’ lounge",Beachfront pool with Mediterranean Sea views,Signature dining with Moroccan cuisine,Wellness spa with sauna facilities,11,Ritz-Carlton,Discover opulent living with panoramic Atlas Mountain views and lush private gardens.,"Offering breathtaking views of the Atlas Mountains, this residence boasts private gardens and a stunning infinity pool for unparalleled luxury."
"The Ritz-Carlton Residences, Lake Tahoe",https://marriottresidences.com/luxury_brand/the-ritz-carlton-residences/?utm_source=residences-referral,"The Ritz-Carlton Residences, Lake Tahoe  
13031 Ritz-Carlton Highlands Drive  
Truckee, CA 96161  
United States",4500000,1800,2500000,7500000,2500,170,2009,completed,high,yes,yes,95,Truckee,United States,"Ski-in/ski-out access, fitness center, wellness spa, private dining spaces","Swimming Pool, Gym, Parking Space/Garage, Security, On-site Restaurant/Café","24-hour concierge, kids’ club, ski valet, sauna, hot tubs",Outdoor pool with Sierra Nevada views,Manzanita restaurant with California cuisine,Spa at The Ritz-Carlton with wellness treatments,10,Ritz-Carlton,Indulge in luxurious mountain living with stunning lake views and world-class amenities.,"Offering breathtaking panoramic views of the Sierra Nevada, these luxurious residences feature direct access to world-class skiing and hiking trails."
The Ritz-Carlton Residences,https://rcresidencesistanbul.com/,"Eski Bagdat Cd. 3A, Suzer Plaza, Elmadag, Sisli",3750000,1500,2000000,6500000,2500,121,2017,completed,high,yes,yes,95,Istanbul,Turkey,"Private balconies, fitness center, wellness spa, private dining spaces","Swimming Pool, Gym, Parking Space/Garage, Security, On-site Restaurant/Café","24-hour concierge, sauna, residents’ lounge, in-residence dining, rooftop terrace",Indoor pool with Istanbul skyline views,Signature dining with Turkish cuisine,Wellness spa with sauna facilities,10,Ritz-Carlton,"Overlooking the Bosphorus, this opulent sanctuary blends timeless elegance with modern luxury.","Overlooking the Bosphorus, these luxurious residences boast private terraces, bespoke interiors, and exclusive access to a world-class spa."
The Ritz-Carlton Residences,https://marriottresidences.com/luxury_brand/the-ritz-carlton-residences/?utm_source=residences-referral,"Ha-Shunit St 4, Herzliya Pituah",5000000,2000,3000000,8000000,2500,115,2017,completed,high,yes,yes,90,Herzliya,Israel,"Private balconies, fitness center, wellness spa, private dining spaces","Swimming Pool, Gym, Parking Space/Garage, Security, On-site Restaurant/Café","24-hour concierge, beach access, sauna, in-residence dining, rooftop bar",Rooftop pool with Mediterranean Sea views,Herbert Samuel kosher dining with coastal cuisine,Spa with hammam and Swedish sauna,10,Ritz-Carlton,Indulge in breathtaking Mediterranean views from your private rooftop pool oasis.,"Overlooking the Mediterranean, these luxurious residences feature private beach access, stunning sunset views, and exceptional amenities."
The Ritz-Carlton Residences,https://www.theresidenceschevychase.com/,"Chevy Chase,  4550 Montgomery Avenue, Chevy Chase, MD 20815, United States.",3500000,1750,2000000,6000000,2000,117,2026,under construction,high,yes,yes,95,Chevy Chase,United States,"Private terraces, fitness center, wellness center, private dining spaces","Swimming Pool, Gym, Parking Space/Garage, Private Garden, Security, On-site Restaurant/Café","24-hour concierge, sauna, residents’ lounge, in-residence dining, pet spa",Indoor pool with lush surroundings,Curated dining with international cuisine,Wellness center with sauna facilities,11,Ritz-Carlton,Indulge in unparalleled luxury with stunning rooftop views and exquisite amenities.,"Offering breathtaking views of the Washington, D.C. skyline, this residence features luxurious amenities and personalized concierge services."
The Ritz-Carlton Residences,https://theresidencestampa.com/,"Tampa  
1301 East Kennedy Boulevard  
Tampa, FL 33602  
United States",6000000,2000,3500000,10000000,3000,89,2028,under construction,high,yes,yes,94,Tampa,United States,"Private balconies, fitness center, wellness spa, private dining spaces","Swimming Pool, Gym, Parking Space/Garage, Security, On-site Restaurant/Café","24-hour concierge, beach access, sauna, in-residence dining, residents’ lounge",Rooftop pool with Tampa Bay views,Signature dining with coastal cuisine,Wellness spa with sauna facilities,10,Ritz-Carlton,"Elevating luxury living, these waterfront residences boast breathtaking bay views and unparalleled elegance.","Offering breathtaking waterfront views and unparalleled access to vibrant downtown, this residence boasts luxury amenities and exquisite design."
The Ritz-Carlton Residences,http://theresidencesastana.com/eng/,"1, Kabanbay Batyr Avenue, Nur-Sultan 020000, Kazakhstan.",2500000,833,1500000,4500000,3000,157,2017,completed,high,yes,yes,94,Astana,Kazakhstan,"Private balconies, fitness center, wellness spa, private dining spaces","Swimming Pool, Gym, Parking Space/Garage, Security, On-site Restaurant/Café","24-hour concierge, sauna, residents’ lounge, in-residence dining, rooftop terrace",Indoor pool with city skyline views,Signature dining with international cuisine,Wellness spa with sauna facilities,10,Ritz-Carlton,Elevate your lifestyle with panoramic skyline views from luxurious Astana residences.,"Overlooking the stunning Ishim River, these residences boast unparalleled luxury with private balconies, top-tier amenities, and exquisite design."
The Ritz-Carlton Residences,https://theresidenceamman.com/en,"5th Circle, Al Kindi Street",3750000,1875,2000000,6500000,2000,91,2022,completed,high,yes,yes,95,Amman,Jordan,"Private terraces, fitness center, wellness spa, private dining spaces","Swimming Pool, Gym, Parking Space/Garage, Private Garden, Security, On-site Restaurant/Café","24-hour concierge, sauna, residents’ lounge, in-residence dining, cigar lounge",Indoor pool with Amman skyline views,Mediterranean restaurant with curated dining,Cigar lounge for exclusive gatherings,11,Ritz-Carlton,Indulge in luxurious living with breathtaking city views and exquisite design details.,"Offering breathtaking views of the city and the mountains, this luxurious residence features unparalleled amenities and exceptional service."
"The Ritz-Carlton Residences, Bal Harbour",https://marriottresidences.com/luxury_brand/the-ritz-carlton-residences/?utm_source=residences-referral,"The Ritz-Carlton Residences, Bal Harbour  
10295 Collins Avenue  
Bal Harbour, FL 33154  
USA",8000000,2667,4500000,15000000,3000,124,2007,completed,high,yes,yes,95,Bal Harbour,United States,"Private balconies, fitness center, wellness spa, private dining spaces","Swimming Pool, Gym, Parking Space/Garage, Security, On-site Restaurant/Café","24-hour concierge, beach access, sauna, in-residence dining, residents’ lounge",Oceanfront pool with Atlantic views,Artisan Eatery with coastal cuisine,Wellness spa with sauna facilities,10,Ritz-Carlton,Indulge in oceanfront serenity with private elevators and panoramic waterfront views.,"Offering breathtaking ocean views and direct beach access, this luxurious residence features a private rooftop pool and unparalleled concierge services."
The Ritz-Carlton Residences,https://www.rcr-colombo.lk/#hm-banner,"Galle Face, Colombo 02, Sri Lanka",2250000,1125,1500000,4000000,2000,187,2021,completed,high,yes,yes,95,Colombo,Sri Lanka,"Private cinema, fitness center, private dining spaces, residents’ lounge","Swimming Pool, Gym, Parking Space/Garage, Security, On-site Restaurant/Café","24-hour concierge, sauna, in-residence dining, rooftop terrace, sky lounge",Rooftop pool with Indian Ocean views,Signature dining with curated menus,Sky lounge with panoramic city views,10,Ritz-Carlton,Elevate your lifestyle with breathtaking ocean views from every luxurious suite.,"Offering breathtaking ocean views and unparalleled access to vibrant city life, this residence features luxurious amenities and sophisticated design."
"The Ritz-Carlton Residences, Waikiki",https://www.theresidenceswaikiki.com/,"The Ritz-Carlton Residences, Waikiki  
383 Kalaimoku Street  
Honolulu, HI 96815  
USA",4500000,3000,2500000,8000000,1500,552,2018,completed,high,yes,yes,95,Honolulu,United States,"Private penthouse terraces, fitness center, wellness spa, private dining spaces","Swimming Pool, Gym, Parking Space/Garage, Security, On-site Restaurant/Café","24-hour concierge, beach access, sauna, in-residence dining, infinity pools",Infinity pool with Pacific Ocean views,Sushi Sho with exclusive sushi tasting menu,La Vie with modern French cuisine,10,Ritz-Carlton,Breathtaking ocean views and luxurious amenities redefine coastal living in paradise.,"Overlooking the vibrant shores of Waikiki, this luxurious residence boasts breathtaking ocean views and exclusive access to a private rooftop infinity pool."
"The Ritz-Carlton Residences, Westchester",https://rcresidenceswestchester.com/,"The Ritz-Carlton Residences, Westchester  
5 Renaissance Square, White Plains, NY 10601, United States",2500000,1250,1500000,4500000,2000,184,2008,completed,high,yes,yes,95,White Plains,United States,"Private terraces, fitness center, private cinema, billiards room","Swimming Pool, Gym, Parking Space/Garage, Security, On-site Restaurant/Café","24-hour concierge, kids’ playroom, sauna, in-residence dining, outdoor sun deck",Glass-covered indoor pool with city views,Restaurant at Kanopi with fine dining,Wellness spa with sauna facilities,10,Ritz-Carlton,Elevate your lifestyle with breathtaking skyline views and unparalleled luxury living.,"This luxurious residence boasts sweeping views of the Hudson River, exceptional amenities, and direct access to vibrant downtown White Plains."
The Ritz-Carlton Residences,https://rcresidenceswestchester.com/,"Grace Bay, Providenciales",6000000,2000,3500000,10000000,3000,,,,high,yes,yes,85,Providenciales,Turks and Caicos,"Private balconies, fitness center, beach club, wellness spa","Swimming Pool, Gym, Parking Space/Garage, Private Garden, Security, On-site Restaurant/Café","24-hour concierge, kids’ club, beach access, water sports, in-residence dining",Oceanfront pool with Grace Bay views,Signature dining with Caribbean cuisine,Wellness spa with water-inspired treatments,11,Ritz-Carlton,Indulge in unparalleled oceanfront luxury with breathtaking views and bespoke services.,"Overlooking pristine Grace Bay, these residences feature private infinity pools, direct beach access, and unparalleled sunset views."
The Ritz-Carlton Residences,https://marriottresidences.com/luxury_brand/the-ritz-carlton-residences/?utm_source=residences-referral,"Sunny Isles Beach, 15701 Collins Ave, Sunny Isles Beach, FL 33160, United States.",10000000,3333,4250000,20000000,3000,111,2020,completed,high,yes,yes,95,Sunny Isles Beach,United States,"Private balconies, fitness center, wellness spa, private dining spaces","Swimming Pool, Gym, Parking Space/Garage, Security, On-site Restaurant/Café","24-hour concierge, kids’ club, beach access, sauna, in-residence dining",Oceanfront pool with Atlantic views,Signature dining with coastal cuisine,Wellness spa with sauna facilities,10,Ritz-Carlton,"Indulge in breathtaking ocean views from your luxurious, private waterfront sanctuary.","Offering breathtaking ocean views, these residences feature private beach access, luxurious amenities, and unparalleled service for an elite lifestyle."
"The Ritz-Carlton Residences, The Palmeraie",https://www.rcpvluxury.com/,"The Ritz-Carlton Residences, The Palmeraie  
The Palmeraie, Scottsdale Road & Indian Bend Road
",12000000,3000,8000000,20000000,4000,125,2025,under construction,high,yes,yes,94,Paradise Valley,United States,"Private patios, fitness center, wellness spa, private dining spaces","Swimming Pool, Gym, Parking Space/Garage, Private Garden, Security, On-site Restaurant/Café, Golf","24-hour concierge, sauna, residents’ lounge, in-residence dining, hiking trails",Resort-style pool with Sonoran Desert views,Signature dining with Southwestern cuisine,Access to Palmeraie Golf Club,12,Ritz-Carlton,Immerse yourself in unparalleled desert elegance with serene mountain views and bespoke luxury.,"Offering breathtaking mountain vistas and private access to lush gardens, this residence combines luxury living with unparalleled tranquility."
"The Ritz-Carlton Residences, Grande Lakes",https://theresidencesorlando.com/,"The Ritz-Carlton Residences, Grande Lakes  
4040 Central Florida Parkway  
Orlando, FL 32837  
United States",5000000,1250,3000000,8000000,4000,48,2019,completed,high,yes,yes,95,Orlando,United States,"Private balconies, fitness center, wellness spa, private dining spaces","Swimming Pool, Gym, Parking Space/Garage, Private Garden, Security, On-site Restaurant/Café, Golf","24-hour concierge, kids’ club, beach access, water sports, in-residence dining",Resort-style pool with Grande Lakes views,Primo restaurant with farm-to-table cuisine,Access to Grande Lakes golf course,12,Ritz-Carlton,Discover serene luxury with stunning lakeside views and unparalleled personalized service.,"Overlooking serene lakes and lush landscapes, this residence boasts private balconies, a world-class spa, and exceptional gourmet dining."
"The Ritz-Carlton Residences, North Hills",https://theresidenceslongisland.com/residences/,"The Ritz-Carlton Residences, North Hills  
5000 Royal Court",3500000,1750,2000000,6000000,2000,244,2016,completed,high,yes,yes,95,New York,United States,"Private terraces, fitness center, wellness spa, private dining spaces","Swimming Pool, Gym, Parking Space/Garage, Private Garden, Security, On-site Restaurant/Café","24-hour concierge, sauna, residents’ lounge, in-residence dining, outdoor sun deck",Resort-style pool with lush garden views,Signature dining with curated cuisine,Wellness spa with sauna facilities,11,Ritz-Carlton,Indulge in luxurious living with stunning skyline views and exquisite amenities.,"Offering breathtaking skyline views and unparalleled amenities, this luxurious residence features a rooftop terrace and personalized concierge services."
The Ritz-Carlton Residences,https://marriottresidences.com/luxury_brand/the-ritz-carlton-residences/,"Kapalua  
1 Ritz-Carlton Drive  
Kapalua, HI 96761  
United States",4000000,2667,2500000,7000000,1500,107,2008,completed,high,yes,yes,95,Kapalua,United States,"Private lanais, fitness center, wellness spa, private dining spaces","Swimming Pool, Gym, Parking Space/Garage, Private Garden, Security, On-site Restaurant/Café, Golf","24-hour concierge, beach access, kids’ club, hiking trails, in-residence dining",Oceanfront pool with Pacific Ocean views,Burger Shack with casual coastal dining,Access to Kapalua Resort golf courses,12,Ritz-Carlton,Embrace unparalleled luxury with sweeping ocean vistas and exclusive Maui serenity.,"Overlooking stunning ocean vistas and lush landscapes, this residence offers unparalleled access to pristine beaches and championship golf courses."
The Ritz-Carlton Residences,https://marriottresidences.com/luxury_brand/the-ritz-carlton-residences/,"183 Wellington St W, Toronto, ON M5V 0A1, Canada.",5000000,2000,2500000,10000000,2500,158,2011,completed,high,yes,yes,95,Toronto,Canada,"Private sky lobby, fitness center, private cinema, residents’ lounge","Swimming Pool, Gym, Parking Space/Garage, Security, On-site Restaurant/Café","24-hour concierge, sauna, in-residence dining, rooftop terrace, billiards room",Indoor saltwater pool with city views,TOCA restaurant with Italian cuisine,Sky Lobby with Lake Ontario views,10,Ritz-Carlton,Elevate your lifestyle with breathtaking skyline views from luxurious penthouse suites.,"Offering breathtaking views of Lake Ontario and the Toronto skyline, this residence boasts unparalleled luxury amenities and personalized services."
The Ritz-Carlton Residences,https://marriottresidences.com/luxury_brand/the-ritz-carlton-residences/,"Montreal  
1228 Sherbrooke St W,  
Montreal, QC H3G 1H6,  
Canada",4000000,2000,2500000,7500000,2000,45,2019,completed,high,yes,yes,95,Montreal,Canada,"Private balconies, fitness center, wellness spa, private dining spaces","Swimming Pool, Gym, Parking Space/Garage, Security, On-site Restaurant/Café","24-hour concierge, sauna, in-residence dining, residents’ lounge, rooftop terrace",Indoor rooftop pool with city views,Maison Boulud with Mediterranean cuisine,Spa St. James with sauna facilities,10,Ritz-Carlton,Indulge in luxurious urban living with breathtaking views of Mount Royal.,"Boasting breathtaking views of Mount Royal and the St. Lawrence River, this residence offers unparalleled luxury and exclusive amenities."
The Ritz-Carlton Residences,https://marriottresidences.com/luxury_brand/the-ritz-carlton-residences/,"Los Angeles  
900 W Olympic Blvd  
Los Angeles, CA 90015  
USA",5500000,2750,3000000,10000000,2000,224,2010,completed,high,yes,yes,95,Los Angeles,United States,"Private balconies, fitness center, wellness spa, private dining spaces","Swimming Pool, Gym, Parking Space/Garage, Security, On-site Restaurant/Café","24-hour concierge, sauna, residents’ lounge, in-residence dining, rooftop terrace",Rooftop pool with LA skyline views,WP24 by Wolfgang Puck with Asian cuisine,Spa at The Ritz-Carlton with sauna facilities,10,Ritz-Carlton,"Soaring above the city, these opulent residences redefine luxury with panoramic skyline views.","Offering breathtaking panoramic views of the Hollywood Hills, this residence boasts exclusive amenities, including a private rooftop terrace and personalized concierge services."
The Ritz-Carlton Residences,https://marriottresidences.com/luxury_brand/the-ritz-carlton-residences/,"Seven Mile Beach, West Bay, Grand Cayman, Cayman Islands",6500000,2167,4000000,12000000,3000,69,2009,completed,high,yes,yes,92,Grand Cayman,Cayman Islands,"Private terraces, fitness center, beach club, wellness spa","Swimming Pool, Gym, Parking Space/Garage, Private Garden, Security, On-site Restaurant/Café, Golf","24-hour concierge, kids’ club, beach access, water sports, in-residence dining",Oceanfront pool with Caribbean Sea views,Silver Palm Lounge with coastal cuisine,Access to Greg Norman-designed golf course,12,Ritz-Carlton,Indulge in unrivaled oceanfront elegance with breathtaking panoramic Caribbean views.,"Offering breathtaking ocean views and unparalleled access to pristine beaches, these residences redefine luxury living in the Caribbean."
The Ritz-Carlton Residences,https://marriottresidences.com/luxury_brand/the-ritz-carlton-residences/,"Georgetown, 3100 South Street NW, Washington, DC 20007, United States.",3000000,1500,2000000,5000000,2000,28,2003,completed,high,yes,yes,95,Washington,United States,"Private terraces, fitness center, private cinema, residents’ lounge","Swimming Pool, Gym, Parking Space/Garage, Security, On-site Restaurant/Café","24-hour concierge, sauna, in-residence dining, rooftop terrace, billiards room",Indoor pool with Georgetown views,Degrees Bistro with American cuisine,Wellness spa with sauna facilities,10,Ritz-Carlton,Luxurious waterfront living harmonizes with historic charm in Georgetown's finest residences.,"Overlooking the historic waterfront, these residences feature bespoke interiors and unparalleled access to vibrant cultural landmarks."
The Ritz-Carlton Residences,https://marriottresidences.com/luxury_brand/the-ritz-carlton-residences/,"Fort Lauderdale  
1 N Fort Lauderdale Beach Blvd,  
Fort Lauderdale, FL 33304,  
United States",6500000,2167,3500000,12000000,3000,192,2007,completed,high,yes,yes,95,Fort Lauderdale,United States,"Private balconies, fitness center, wellness spa, private dining spaces","Swimming Pool, Gym, Parking Space/Garage, Security, On-site Restaurant/Café","24-hour concierge, beach access, sauna, in-residence dining, rooftop terrace",Oceanfront pool with Atlantic Ocean views,Signature dining with coastal cuisine,Wellness spa with sauna facilities,10,Ritz-Carlton,"Where oceanfront elegance meets impeccable design, offering unparalleled luxury and serenity.","Offering breathtaking ocean views and direct access to pristine beaches, this residence features luxurious amenities and unparalleled service."
The Ritz-Carlton Residences,https://marriottresidences.com/luxury_brand/the-ritz-carlton-residences/,"Dallas, USA  
2121 McKinney Ave, Dallas, TX 75201",5000000,2000,3000000,8000000,2500,70,2007,completed,high,yes,yes,94,Dallas,United States,"Private terraces, fitness center, wellness spa, private dining spaces","Swimming Pool, Gym, Parking Space/Garage, Security, On-site Restaurant/Café","24-hour concierge, sauna, residents’ lounge, in-residence dining, billiards room",Outdoor pool with Uptown Dallas views,Fearing’s Restaurant with Southern cuisine,Wellness spa with sauna facilities,10,Ritz-Carlton,Luxuriate in unparalleled elegance with breathtaking skyline views and bespoke services.,"Offering stunning views of the Dallas skyline, this luxury residence features private rooftop terraces and bespoke amenities for unparalleled living."
The Ritz-Carlton Residences,https://marriottresidences.com/luxury_brand/the-ritz-carlton-residences/,"Vail  
728 West Lionshead Circle  
Vail, CO 81657  
United States",6500000,2600,4000000,10000000,2500,71,2020,completed,high,yes,yes,95,Vail,United States,"Ski-in/ski-out access, fitness center, wellness spa, private dining spaces","Swimming Pool, Gym, Parking Space/Garage, Security, On-site Restaurant/Café","24-hour concierge, kids’ club, ski valet, hot tubs, in-residence dining",Outdoor heated pool with Vail Mountain views,The Lion’s Den with alpine cuisine,Spa at The Ritz-Carlton with wellness treatments,10,Ritz-Carlton,Luxuriate in slopeside elegance with unparalleled mountain views and bespoke amenities.,"Offering breathtaking mountain views and direct access to world-class skiing, this residence features luxurious amenities and personalized services."
"The Ritz-Carlton Residences, Coconut Grove",https://marriottresidences.com/luxury_brand/the-ritz-carlton-residences/,"The Ritz-Carlton Residences, Coconut Grove  
3350/3400 SW 27th Ave",4500000,1800,2500000,8000000,2500,206,2002,completed,high,yes,yes,94,Miami,United States,"Private balconies, fitness center, wellness spa, private dining spaces","Swimming Pool, Gym, Parking Space/Garage, Private Garden, Security, On-site Restaurant/Café","24-hour concierge, sauna, in-residence dining, residents’ lounge, tropical courtyard",Resort-style pool with Coconut Grove views,Isabelle’s Grill Room with American cuisine,Wellness spa with sauna facilities,11,Ritz-Carlton,Immerse in serene luxury with sweeping bay views and lush private gardens.,"Offering breathtaking bay views and expansive terraces, this luxury residence combines urban sophistication with serene waterfront living in a vibrant cultural hub."
"The Ritz-Carlton Residences, Singer Island",https://marriottresidences.com/luxury_brand/the-ritz-carlton-residences/,"The Ritz-Carlton Residences, Singer Island  
2700 N Ocean Drive  
Riviera Beach, FL 33404  
United States",5000000,1667,3000000,8000000,3000,375,2008,completed,high,yes,yes,95,Riviera Beach,United States,"Private balconies, fitness center, wellness spa, private dining spaces","Swimming Pool, Gym, Parking Space/Garage, Security, On-site Restaurant/Café","24-hour concierge, beach access, sauna, in-residence dining, residents’ lounge",Oceanfront pool with Atlantic Ocean views,Signature dining with coastal cuisine,Wellness spa with sauna facilities,10,Ritz-Carlton,Luxuriate in oceanfront elegance with breathtaking panoramic views and unparalleled service.,"Offering breathtaking ocean views and direct beach access, this luxury residence boasts exceptional amenities and unparalleled coastal living."
The Ritz-Carlton Residences,https://marriottresidences.com/luxury_brand/the-ritz-carlton-residences/,"Sarasota  
1300 Benjamin Franklin Dr,  
Sarasota, FL 34236,  
United States.",7500000,2500,4000000,12000000,3000,73,2025,under construction,high,yes,yes,94,Sarasota,United States,"Private balconies, fitness center, wellness spa, private dining spaces","Swimming Pool, Gym, Parking Space/Garage, Security, On-site Restaurant/Café","24-hour concierge, beach access, sauna, residents’ lounge, in-residence dining",Bayfront pool with Sarasota Bay views,Signature dining with coastal cuisine,Wellness spa with sauna facilities,10,Ritz-Carlton,Indulge in luxurious waterfront living with breathtaking views and unparalleled amenities.,"Overlooking the stunning Sarasota Bay, these residences boast private balconies, unparalleled sunset views, and resort-style amenities."
The Ritz-Carlton Residences,https://marriottresidences.com/luxury_brand/the-ritz-carlton-residences/,"San Francisco  
690 Market Street  
San Francisco, CA 94104  
USA",5000000,2500,3000000,8000000,2000,101,2008,completed,high,yes,yes,95,San Francisco,United States,"Private terraces, fitness center, private cinema, residents’ lounge","Swimming Pool, Gym, Parking Space/Garage, Security, On-site Restaurant/Café","24-hour concierge, sauna, in-residence dining, rooftop terrace, billiards room",Indoor pool with San Francisco skyline views,The Dining Room with curated cuisine,Wellness spa with sauna facilities,10,Ritz-Carlton,Elevated city living meets timeless elegance with breathtaking views of San Francisco.,"Overlooking the iconic skyline and bay, this residence boasts expansive terraces, luxurious amenities, and unparalleled personalized service."
The Ritz-Carlton Residences,https://marriottresidences.com/luxury_brand/the-ritz-carlton-residences/,"Philadelphia  
1414 S Penn Square,  
Philadelphia, PA 19102,  
United States",3000000,1500,1500000,9500000,2000,270,2009,completed,high,yes,yes,95,Philadelphia,United States,"Private balconies, fitness center, wellness spa, private dining spaces","Swimming Pool, Gym, Parking Space/Garage, Security, On-site Restaurant/Café","24-hour concierge, sauna, residents’ lounge, in-residence dining, rooftop terrace",Indoor pool with Philadelphia skyline views,10 Arts Bistro with American cuisine,Wellness spa with sauna facilities,10,Ritz-Carlton,Elevate your lifestyle with panoramic skyline views and unparalleled luxury amenities.,"Offering breathtaking skyline views and luxurious amenities, this residence boasts an unparalleled location near cultural landmarks and fine dining."
"The Ritz-Carlton Residences, Esentai Tower",https://marriottresidences.com/luxury_brand/the-ritz-carlton-residences/,"77/7 Al-Farabi Avenue, Almaty, Kazakhstan.",2500000,1250,1500000,4500000,2000,151,2013,completed,high,yes,yes,94,Almaty,Kazakhstan,"Private balconies, fitness center, wellness spa, private dining spaces","Swimming Pool, Gym, Parking Space/Garage, Security, On-site Restaurant/Café","24-hour concierge, sauna, residents’ lounge, in-residence dining, rooftop terrace",Indoor pool with Almaty skyline views,Signature dining with international cuisine,Wellness spa with sauna facilities,10,Ritz-Carlton,Elevate your lifestyle with breathtaking skyline views and luxurious urban living.,The residences in Esentai Tower boast breathtaking panoramic views of the Alatau Mountains and unparalleled access to luxury shopping and dining.
The Ritz-Carlton Residences,https://marriottresidences.com/luxury_brand/the-ritz-carlton-residences/,"Atlanta  
3630 Peachtree Rd NE,  
Atlanta, GA 30326,  
United States",4000000,2000,2500000,7500000,2000,129,2009,completed,high,yes,yes,95,Atlanta,United States,"Private balconies, fitness center, wellness spa, private dining spaces","Swimming Pool, Gym, Parking Space/Garage, Security, On-site Restaurant/Café","24-hour concierge, sauna, residents’ lounge, in-residence dining, outdoor sun deck",Outdoor pool with Buckhead skyline views,Signature dining with Southern cuisine,Wellness spa with sauna facilities,10,Ritz-Carlton,Elevate your lifestyle with unparalleled skyline views and bespoke luxury living.,"Offering breathtaking skyline views and unparalleled access to vibrant cultural attractions, this residence boasts exquisite amenities and luxurious living spaces."
The Ritz-Carlton Residences,https://marriottresidences.com/luxury_brand/the-ritz-carlton-residences/,"0130 Daybreak Ridge, Avon, CO 81620.",6000000,2400,3500000,10000000,2500,73,2002,completed,high,yes,yes,95,Avon,United States,"Ski-in/ski-out access, fitness center, wellness spa, private dining spaces","Swimming Pool, Gym, Parking Space/Garage, Security, On-site Restaurant/Café","24-hour concierge, kids’ club, ski valet, hot tubs, in-residence dining",Outdoor heated pool with Beaver Creek views,Zach’s Cabin with alpine cuisine,Spa at The Ritz-Carlton with wellness treatments,10,Ritz-Carlton,Indulge in mountain luxury with ski-in/ski-out access and breathtaking alpine views.,"Offering breathtaking mountain vistas and direct access to world-class skiing, this residence combines luxury with unparalleled outdoor adventure."
The Ritz-Carlton Residences,https://marriottresidences.com/luxury_brand/the-ritz-carlton-residences/,"Baltimore  
801 Key Hwy",3750000,1250,1350000,6500000,3000,192,2008,completed,high,yes,yes,95,Baltimore,United States,"Private terraces, fitness center, private cinema, billiards room","Swimming Pool, Gym, Parking Space/Garage, Private Garden, Security, On-site Restaurant/Café","24-hour concierge, marina access, sauna, in-residence dining, outdoor sun deck",Indoor pool with Inner Harbor views,Signature dining with coastal cuisine,Waterfront gardens spanning two acres,11,Ritz-Carlton,Discover unparalleled waterfront luxury with stunning city views and exquisite amenities.,"Overlooking the iconic Inner Harbor, this residence boasts unparalleled waterfront views and luxurious amenities, including a private rooftop terrace and concierge services."
"The Ritz-Carlton Residences, Commons",https://marriottresidences.com/luxury_brand/the-ritz-carlton-residences/,"The Ritz-Carlton Residences, Commons  
1 Avery Street  
Boston, MA 02111  
United States",4500000,2250,2500000,8000000,2000,132,2001,completed,high,yes,yes,95,Boston,United States,"Private terraces, fitness center, private cinema, residents’ lounge","Swimming Pool, Gym, Parking Space/Garage, Security, On-site Restaurant/Café","24-hour concierge, sauna, in-residence dining, billiards room, rooftop terrace",Indoor pool with Boston skyline views,BLT Steak with American cuisine,Wellness spa with sauna facilities,10,Ritz-Carlton,Elevated urban living with breathtaking Boston skyline views and bespoke luxury finishes.,"Offering breathtaking views of the Boston skyline and harbor, this residence features exclusive amenities like a private rooftop terrace and personalized concierge services."
"The Ritz-Carlton Residences, Central Park",https://marriottresidences.com/luxury_brand/the-ritz-carlton-residences/,"The Ritz-Carlton Residences, Central Park  
50 Central Park South  
New York, NY 10019  
USA",12000000,4000,7000000,20000000,3000,33,2002,completed,high,yes,yes,95,New York,United States,"Private balconies, fitness center, wellness spa, private dining spaces","Swimming Pool, Gym, Parking Space/Garage, Security, On-site Restaurant/Café","24-hour concierge, sauna, residents’ lounge, in-residence dining, rooftop terrace",Indoor pool with Manhattan skyline views,Contour restaurant with American cuisine,La Prairie Spa with wellness treatments,10,Ritz-Carlton,Enjoy breathtaking Central Park views from luxurious private terraces in Manhattan.,"Offering breathtaking views of Central Park, these luxurious residences feature bespoke interiors and unparalleled access to premier cultural landmarks."
The Ritz-Carlton Residences,https://marriottresidences.com/luxury_brand/the-ritz-carlton-residences/,"Chicago  
401 N Wabash Ave
USA",4500000,2250,2500000,8000000,2000,89,2009,completed,high,yes,yes,94,Chicago,United States,"Private balconies, fitness center, private cinema, residents’ lounge","Swimming Pool, Gym, Parking Space/Garage, Security, On-site Restaurant/Café","24-hour concierge, sauna, in-residence dining, billiards room, wine cellar",Indoor pool with Chicago skyline views,Aria restaurant with Asian-inspired cuisine,Landmark Club with private amenities,10,Ritz-Carlton,Indulge in breathtaking skyline views from luxurious residences that redefine urban living.,"Offering breathtaking skyline views and direct access to Millennium Park, this residence features unparalleled amenities and luxurious finishes."
The Ritz-Carlton Residences,https://marriottresidences.com/luxury_brand/the-ritz-carlton-residences/,"Washington, D.C.  
1150 23rd St NW,  
Washington, DC 20037,  
United States",3500000,1750,2000000,6000000,2000,162,2000,completed,high,yes,yes,94,Washington,United States,"Private terraces, fitness center, wellness spa, private dining spaces","Swimming Pool, Gym, Parking Space/Garage, Security, On-site Restaurant/Café","24-hour concierge, sauna, residents’ lounge, in-residence dining, rooftop terrace",Indoor pool with Georgetown views,Westend Bistro with American cuisine,Wellness spa with sauna facilities,10,Ritz-Carlton,Immerse in unparalleled luxury with bespoke services and timeless Georgetown elegance.,"Offering breathtaking views of the iconic monuments, this luxurious residence boasts unparalleled amenities and personalized services in a prime location."
"The Ritz-Carlton Residences, Key Biscayne",https://marriottresidences.com/luxury_brand/the-ritz-carlton-residences/,"The Ritz-Carlton Residences, Key Biscayne  
455 Grand Bay Drive  
Key Biscayne, FL 33149  
USA",6000000,2000,3500000,10000000,3000,188,2001,completed,high,yes,yes,95,Key Biscayne,United States,"Private balconies, fitness center, beach club, wellness spa","Swimming Pool, Gym, Parking Space/Garage, Private Garden, Security, On-site Restaurant/Café","24-hour concierge, beach access, kids’ club, water sports, in-residence dining",Oceanfront pool with Biscayne Bay views,Cielo restaurant with coastal cuisine,Wellness spa with hydrotherapy treatments,11,Ritz-Carlton,Discover oceanfront luxury with breathtaking views and exclusive resort-style amenities.,"Offering breathtaking ocean views and direct beach access, this residence features expansive terraces and unparalleled luxury amenities."
The Ritz-Carlton Residences,https://marriottresidences.com/luxury_brand/the-ritz-carlton-residences/,"Bangkok  
92 Narathiwas Ratchanakharin Rd, Silom, Bang Rak",5000000,2500,1850000,18500000,2000,209,2016,completed,high,yes,yes,95,Bangkok,Thailand,"Private balconies, fitness center, wellness spa, private dining spaces","Swimming Pool, Gym, Parking Space/Garage, Security, On-site Restaurant/Café","24-hour concierge, sauna, residents’ lounge, in-residence dining, rooftop terrace",Rooftop infinity pool with Bangkok skyline views,The Lounge with curated Thai cuisine,Wellness spa with sauna facilities,10,Ritz-Carlton,"Elevate your lifestyle with breathtaking skyline views and exquisite, personalized luxury living.","Offering breathtaking views of the Chao Phraya River, these residences boast private terraces and unparalleled access to cultural landmarks."
The Ritz-Carlton Residences,https://www.ritzcarltonresidences.com.sg/home," 7 Raffles Avenue, Singapore 039799.",7500000,2500,5000000,12000000,3000,58,2013,completed,high,yes,yes,95,Singapore,Singapore,"Private terraces, fitness center, private cinema, residents’ lounge","Swimming Pool, Gym, Parking Space/Garage, Security, On-site Restaurant/Café","24-hour concierge, sauna, in-residence dining, rooftop sky lounge, billiards room",Rooftop pool with Marina Bay views,Colony restaurant with Asian-inspired cuisine,La Mer Spa with wellness treatments,10,Ritz-Carlton,Elevated sophistication meets unrivaled skyline views in these ultra-luxurious urban sanctuaries.,"Offering breathtaking views of Marina Bay and unparalleled access to lush gardens, this residence redefines luxury living in the city."
The Ritz-Carlton Residences,https://www.rcpvluxury.com/,"Paradise Valley, 7135 E Camelback Rd, Paradise Valley, AZ 85253, United States.",,,,,,,2008,completed,high,,,,Paradise Valley,United States,"Private patios, fitness center, wellness spa, private dining spaces","Swimming Pool, Gym, Parking Space/Garage, Private Garden, Security, On-site Restaurant/Café, Golf","24-hour concierge, sauna, residents’ lounge, in-residence dining, hiking trails",Resort-style pool with Sonoran Desert views,Signature dining with Southwestern cuisine,Access to Palmeraie Golf Club,12,Ritz-Carlton,Discover opulent desert living with breathtaking mountain views and unparalleled luxury.,"Offering breathtaking views of Camelback Mountain and exclusive access to resort-style amenities, this residence redefines luxury living."
The Ritz-Carlton Residences,https://www.rcresidenceswestchester.com/,"Westchester  
5 Renaissance Square, White Plains, NY 10601, United States",2500000,1250,1500000,4500000,2000,184,2008,completed,high,yes,yes,95,White Plains,United States,"Private terraces, fitness center, private cinema, billiards room","Swimming Pool, Gym, Parking Space/Garage, Security, On-site Restaurant/Café","24-hour concierge, kids’ playroom, sauna, in-residence dining, outdoor sun deck",Glass-covered indoor pool with city views,Restaurant at Kanopi with fine dining,Wellness spa with sauna facilities,10,Ritz-Carlton,Indulge in luxurious living with breathtaking views and unparalleled amenities in Westchester.,"Offering breathtaking views of the Hudson River and expansive outdoor terraces, this residence boasts unparalleled luxury and exclusive amenities."
The Ritz-Carlton Residences,https://www.theresidenceswaikiki.com/,"383 Kalaimoku Street, Honolulu, HI 96815, USA.",4500000,3000,2500000,8000000,1500,552,2018,completed,high,yes,yes,95,Honolulu,United States,"Private penthouse terraces, fitness center, wellness spa, private dining spaces","Swimming Pool, Gym, Parking Space/Garage, Security, On-site Restaurant/Café","24-hour concierge, beach access, sauna, in-residence dining, infinity pools",Infinity pool with Pacific Ocean views,Sushi Sho with exclusive sushi tasting menu,La Vie with modern French cuisine,10,Ritz-Carlton,Elevated island living with sweeping ocean vistas and unrivaled luxury amenities awaits.,"Offering breathtaking ocean views and private access to stunning beaches, this residence features luxurious amenities and unparalleled service."
The Ritz-Carlton Residences,https://marriottresidences.com/luxury_brand/the-ritz-carlton-residences/,"Singer Island, 2700 N Ocean Drive, Singer Island, FL 33404, United States.",5000000,1667,3000000,8000000,3000,375,2008,completed,high,yes,yes,95,Singer Island,United States,"Private balconies, fitness center, wellness spa, private dining spaces","Swimming Pool, Gym, Parking Space/Garage, Security, On-site Restaurant/Café","24-hour concierge, beach access, sauna, in-residence dining, residents’ lounge",Oceanfront pool with Atlantic Ocean views,Signature dining with coastal cuisine,Wellness spa with sauna facilities,10,Ritz-Carlton,Luxuriate in oceanfront elegance with unparalleled panoramic views and world-class amenities.,"Offering breathtaking ocean views and private beach access, this luxurious residence features expansive balconies and world-class amenities."
"Rosewood Residences, Old Lighthouse",https://www.rosewoodhotels.com/en/residences/ownership/los-cabos,"Old Lighthouse, Baja Peninsula",10000000,1429,7000000,15000000,7000,144,2027,under construction,high,yes,yes,94,Los Cabos,Mexico,"Private infinity pools, fitness center, oceanfront dining, wellness spa","Swimming Pool, Gym, Parking Space/Garage, Private Garden, Security, On-site Restaurant/Café, Golf","24-hour concierge, beach access, family entertainment center, private dining spaces, hiking trails",Oceanfront infinity pool with Sea of Cortez views,Five-star restaurant with Mexican cuisine,Multi-level oceanfront wellness spa,12,Rosewood,Breathtaking ocean views and private beach access redefine luxury living in paradise.,"Overlooking the stunning Sea of Cortez, these residences boast expansive terraces and private infinity pools for unparalleled coastal luxury."
"Rosewood Residences, Tucker’s Point",https://www.rosewoodhotels.com/en/residences/ownership/bermuda,"60 Tucker’s Point Dr, Hamilton Parish, HS 02, Bermuda",8000000,2667,6000000,12000000,3000,8,2025,completed,high,yes,yes,94,Bermuda,Bermuda,"Private pools, fitness center, beach club, Sense, A Rosewood Spa","Swimming Pool, Gym, Parking Space/Garage, Private Garden, Security, On-site Restaurant/Café, Golf","24-hour concierge, beach access, tennis courts, in-residence dining, kids’ club",Private pool with Castle Harbour views,Island Brasserie with Bermudian cuisine,"Sense, A Rosewood Spa with island-inspired treatments",12,Rosewood,"Overlooking turquoise waters, this serene retreat offers unrivaled luxury with private beach access.","Overlooking the turquoise waters, these luxurious residences boast private beach access and unparalleled sunset views from expansive terraces."
Rosewood Residences,https://www.rosewoodhotels.com/en/residences/ownership/miami-beach,"Rosewood Residences Miami  
1750 Collins Avenue",9000000,3000,5000000,15000000,3000,44,2025,under construction,high,yes,yes,94,Miami Beach,United States,"Private terraces, fitness center, beach club, private dining spaces","Swimming Pool, Gym, Parking Space/Garage, Security, On-site Restaurant/Café","24-hour concierge, beach access, sauna, in-residence dining, rooftop bar",Rooftop pool with unobstructed ocean views,Martini Bar with Art Deco-inspired cocktails,Beach club with South Beach access,10,Rosewood,Elevate your lifestyle with panoramic ocean views and bespoke luxury services.,"The Rosewood Residences offer breathtaking ocean views, private rooftop terraces, and unparalleled access to Miami’s vibrant cultural scene."
Rosewood Residences,https://www.rosewoodhotels.com/en/residences/ownership/beverly-hills,"9900 Santa Monica Boulevard, Beverly Hills, CA 90210, USA",12000000,2400,9000000,20000000,5000,17,2024,completed,high,yes,yes,95,Beverly Hills,United States,"Private elevator access, fitness center, wellness spa, private dining spaces","Swimming Pool, Gym, Parking Space/Garage, Private Garden, Security, On-site Restaurant/Café","24-hour concierge, sauna, residents’ lounge, in-residence dining, pet spa",Rooftop infinity pool with LA skyline views,Signature dining with California cuisine,Wellness spa with sauna facilities,11,Rosewood,Luxurious living awaits in stunning homes with breathtaking panoramic views of Beverly Hills.,"Offering breathtaking panoramic views of the Hollywood Hills, this luxurious residence boasts exclusive amenities, including a private rooftop pool and tailored concierge services."
"Rosewood Residences, Turtle Creek",https://www.rosewoodhotels.com/en/residences/ownership/turtle-creek,"Rosewood Residences, Turtle Creek  
2801 Turtle Creek Blvd, Dallas, TX 75219, United States",7500000,2500,5000000,12000000,3000,33,2025,under construction,high,yes,yes,94,Dallas,United States,"Private terraces, fitness center, private dining spaces, rooftop oasis","Swimming Pool, Gym, Parking Space/Garage, Private Garden, Security, On-site Restaurant/Café","24-hour concierge, sauna, residents’ lounge, in-residence dining, pet spa",Rooftop infinity pool with Dallas skyline views,Signature dining with Southern cuisine,Landscaped garden for intimate gatherings,11,Rosewood,Unrivaled elegance meets serene creekside living with bespoke luxury at every turn.,"Rosewood Residences at Turtle Creek boasts breathtaking views of the Dallas skyline, alongside unparalleled access to vibrant cultural hotspots."
Rosewood Residences,https://www.rosewoodhotels.com/en/residences/ownership/naples,"Rosewood Residences Naples  
1601 Gulf Shore Blvd N, Naples, FL 34102, United States",10600000,2000,7500000,15000000,5300,42,2025,completed,high,yes,yes,95,Naples,United States,"Private elevator entry, fitness center, wellness spa, private dining spaces","Swimming Pool, Gym, Parking Space/Garage, Private Garden, Security, On-site Restaurant/Café","24-hour concierge, beach access, interactive game room, lounge and sports bar, poolside cabanas",Two oceanfront pools with Gulf of Mexico views,Signature dining with coastal cuisine,Spa with steam and sauna facilities,11,Rosewood,Indulge in unparalleled luxury with breathtaking Gulf views and exclusive beachfront access.,"Offering breathtaking Gulf views and private access to pristine beaches, these residences feature expansive outdoor living spaces and unparalleled amenities."
"Rosewood Residences, Lido Key",https://www.rosewoodhotels.com/en/residences/ownership/lido-key,"Rosewood Residences, Lido Key  
Lido Beach, Sarasota, FL 34236, United States",8400000,2000,6000000,12000000,4200,65,2025,under construction,(purchase-only),yes,yes,95,Sarasota,United States,"Private terraces, fitness center, private restaurant, massage rooms","Swimming Pool, Gym, Parking Space/Garage, Security, On-site Restaurant/Café","24-hour concierge, beach access, private guest suites, library lounge, yoga sessions",Outdoor pool with Gulf of Mexico views,Private restaurant with in-residence dining,World-class fitness center with yoga sessions,10,Rosewood,Bask in breathtaking waterfront views and luxurious living steps from pristine beaches.,"Offering breathtaking Gulf views and direct beach access, this residence boasts unparalleled luxury with private amenities and exquisite design."
Rosewood Residences,https://www.rosewoodhotels.com/en/residences/ownership/hillsboro-beach,"1155 Hillsboro Mile, Hillsboro Beach, FL 33062, United States",7500000,1875,5000000,12000000,4000,92,2026,under construction,high,yes,yes,94,Hillsboro Beach,United States,"Private terraces, fitness center, beach club, private dining spaces","Swimming Pool, Gym, Parking Space/Garage, Private Garden, Security, On-site Restaurant/Café","24-hour concierge, beach access, sauna, in-residence dining, residents’ lounge",Oceanfront pool with Atlantic Ocean views,Signature dining with coastal cuisine,Wellness spa with sauna facilities,11,Rosewood,"An exclusive beachfront haven blending timeless elegance with private, oceanfront serenity.","Offering stunning oceanfront views and direct beach access, these residences boast unparalleled luxury amenities and exquisite architectural design."
Rosewood Residences,https://www.rosewoodhotels.com/en/residences/ownership/sao-paulo,"Rua Itapeva, 435, Bela Vista, São Paulo, SP 01332-000, Brazil",5000000,1667,3000000,8000000,3000,100,2022,completed,high,yes,yes,95,São Paulo,United States,"Private balconies, fitness center, wellness spa, rooftop garden","Swimming Pool, Gym, Parking Space/Garage, Security, On-site Restaurant/Café","24-hour concierge, sauna, residents’ lounge, in-residence dining, vertical garden tower",Rooftop pool with São Paulo skyline views,Six dining venues with Brazilian cuisine,Vertical garden tower with city views,10,Rosewood,Discover luxurious living with stunning skyline views and unparalleled amenities in São Paulo.,"Offering breathtaking panoramic views of São Paulo's skyline, these residences boast luxurious amenities and an exclusive rooftop infinity pool."
"Rosewood Residences, Baha Mar",https://www.rosewoodhotels.com/en/residences/ownership/baha-mar,"1 Baha Mar Blvd, Nassau, New Providence, Bahamas.",6000000,2000,4000000,10000000,3000,91,2017,completed,high,yes,yes,95,Nassau,Bahamas,"Private plunge pools, fitness center, beach club, Sense, A Rosewood Spa","Swimming Pool, Gym, Parking Space/Garage, Private Garden, Security, On-site Restaurant/Café, Golf","24-hour concierge, kids’ club, beach access, tennis courts, in-residence dining",Oceanfront pool with Cable Beach views,Costa restaurant with Bahamian-Mexican fusion cuisine,Jack Nicklaus Signature Golf Course,12,Rosewood,Immerse in serene beachfront luxury with bespoke services and private villa elegance.,"Overlooking pristine beaches and turquoise waters, these residences feature expansive terraces, private pools, and personalized concierge services for an unparalleled luxury experience."
"Rosewood Residences, Mayakoba",https://www.rosewoodhotels.com/en/residences/ownership/mayakoba,"Carretera Federal Cancún-Playa del Carmen KM 298, Solidaridad, Q. Roo, CP 77710, Mexico",7500000,1875,5000000,12000000,4000,38,2006,completed,high,yes,yes,95,Playa del Carmen,Mexico,"Private waterfront pools, fitness center, Sense, A Rosewood Spa, private boat docks","Swimming Pool, Gym, Parking Space/Garage, Private Garden, Security, On-site Restaurant/Café, Golf","24-hour concierge, beach access, water sports, in-residence dining, kids’ club",Lagoon-front pool with Riviera Maya views,Casa del Lago with Mexican cuisine,El Camaleón Championship Golf Course,12,Rosewood,Discover serene luxury with private lagoons and stunning jungle views.,"Overlooking a pristine lagoon and surrounded by lush mangroves, these residences feature private plunge pools and unparalleled access to eco-friendly amenities."
"Rosewood Residences, Mandarina",https://www.rosewoodhotels.com/en/residences/ownership/mandarina,"Carretera Federal 200, Monteón, Nayarit",9000000,1800,6000000,15000000,5000,72,2025,under construction,high,yes,yes,94,Monteon,Mexico,"Private infinity pools, fitness center, wellness spa, private fire pits","Swimming Pool, Gym, Parking Space/Garage, Private Garden, Security, On-site Restaurant/Café","24-hour concierge, beach access, water sports, in-residence dining, hiking trails",Oceanfront infinity pool with Riviera Nayarit views,Signature dining with Mexican cuisine,"Sense, A Rosewood Spa with wellness treatments",11,Rosewood,"Discover luxurious living harmonized with nature, featuring stunning ocean views and lush landscapes.","Offering breathtaking ocean views and direct access to pristine beaches, these residences feature unparalleled luxury and exclusive amenities."
Residences at One Galle Face,https://www.shangri-la.com/group/our-businesses/properties-for-sale,"1 Galle Face, Colombo 00200, Sri Lanka.",1550000,665,1000000,3300000,2330,390,2019,completed,high,yes,yes,95,Colombo,Sri Lanka,"Private balconies, fitness center, private cinema, residents’ lounge","Swimming Pool, Gym, Parking Space/Garage, Security, On-site Restaurant/Café","24-hour concierge, sauna, in-residence dining, rooftop terrace, kids’ playroom",Rooftop infinity pool with Indian Ocean views,Curated dining with Sri Lankan cuisine,Private cinema for resident screenings,10,Shangri-La,Discover unparalleled luxury with breathtaking ocean views and world-class amenities.,"The Residences at One Galle Face boast breathtaking ocean views, luxurious amenities, and unparalleled access to Colombo's vibrant lifestyle."
Yavis Residence,https://www.shangri-la.com/group/our-businesses/properties-for-sale,"Zhongshan, China.",2500000,833,1500000,4000000,3000,100,2015,completed,high,yes,yes,90,Zhongshan,China,"Private balconies, fitness center, private dining spaces, residents’ lounge","Swimming Pool, Gym, Parking Space/Garage, Security, On-site Restaurant/Café","24-hour concierge, sauna, in-residence dining, rooftop terrace, business lounge",Rooftop pool with city views,Curated dining with Cantonese cuisine,Business lounge for resident meetings,10,Shangri-La,"This architectural marvel boasts stunning panoramic views, seamlessly blending nature with luxury.","The Yavis Residence boasts breathtaking panoramic views of the mountains and river, complemented by luxurious amenities and spacious layouts."
The Moon Residence,https://www.shangri-la.com/group/our-businesses/properties-for-sale,"Kunming Central Business District, Kunming, Yunnan, China
",1500000,750,800000,3000000,2000,224,2022,completed,high,yes,yes,95,Kunming,China,"Floor-to-ceiling windows, fitness center, private dining spaces, clubhouse","Swimming Pool, Gym, Parking Space/Garage, Security, On-site Restaurant/Café","24-hour concierge, sauna, in-residence dining, business lounge, kids’ playroom",Indoor pool with city skyline views,Curated dining with Yunnan-inspired cuisine,300 sqm clubhouse for resident events,10,Shangri-La,"Embracing serene lake views, this architectural masterpiece harmonizes luxury with nature.",The Moon Residence in Kunming boasts breathtaking panoramic views of Dianchi Lake and exclusive access to lush botanical gardens.
Lakeview,https://www.shangri-la.com/group/our-businesses/properties-for-sale,"No. 1 Huanhu Road, Hanjiang District, Yangzhou, Jiangsu, China",1200000,600,800000,2000000,2000,150,2015,completed,high,yes,yes,94,Yangzhou,China,"Private balconies, fitness center, private dining spaces, residents’ lounge","Swimming Pool, Gym, Parking Space/Garage, Private Garden, Security, On-site Restaurant/Café","24-hour concierge, sauna, in-residence dining, rooftop terrace, lakefront promenade",Outdoor pool with lakefront views,Curated dining with Jiangsu cuisine,Lakefront promenade for scenic walks,11,Shangri-La,Discover serene luxury with panoramic lake views and exquisite modern design.,"Overlooking the tranquil Slender West Lake, this residence boasts panoramic views and exclusive access to serene gardens."
Shangri-La Center Residences,https://www.shangri-la.com/ulaanbaatar/shangrila/residences/,"19 Olympic Street, Sukhbaatar District-1, Ulaanbaatar 14241, Mongolia",1800000,720,1200000,3000000,2500,108,2016,completed,high,yes,yes,95,Ulaanbaatar,Mongolia,"Private terraces, fitness center, private cinema, residents’ lounge","Swimming Pool, Gym, Parking Space/Garage, Security, On-site Restaurant/Café","24-hour concierge, sauna, in-residence dining, kids’ playroom, rooftop terrace",Largest indoor pool in Ulaanbaatar with city views,Hutong restaurant with Chinese cuisine,Adventure Zone for family entertainment,10,Shangri-La,Discover breathtaking city views and luxurious living in Mongolia's vibrant heart.,The Shangri-La Center Residences boast stunning panoramic views of the surrounding mountains and unparalleled access to luxury amenities.
"Six Senses Residences, Kitzbühel Alps",https://www.sixsenses.com/en/residences/kitzbuehel-alps/,"Mittersill, Hohe Tauern National Park",5500000,2200,3500000,10000000,2500,40,2025,under construction,high,yes,yes,95,Mittersill,Austria,"Ski-in/ski-out access, wellness spa, private terraces, fitness center","Swimming Pool, Gym, Parking Space/Garage, Private Garden, Security, On-site Restaurant/Café","24-hour concierge, sauna, ski valet, hiking trails, kids’ club",Heated outdoor pool with Hohe Tauern views,Farm-to-table dining with Alpine cuisine,"3,000 sqm Wellness Spa & Fitness Oasis",11,Six Senses,Luxury alpine homes blend eco-conscious design with breathtaking panoramic mountain vistas.,"Offering breathtaking panoramic views of the Kitzbühel Alps, this residence features direct access to pristine ski slopes and luxurious wellness amenities."
Six Senses Residences,https://www.sixsenses.com/en/residences/belize/,"Secret Beach, Ambergris Caye, and Cayo Rosario",6500000,1625,4000000,10000000,4000,33,2025,under construction,high,yes,yes,95,Ambergris Caye,Belize,"Overwater villas, fitness center, wellness spa, private boat docks","Swimming Pool, Gym, Parking Space/Garage, Private Garden, Security, On-site Restaurant/Café","24-hour concierge, beach access, water sports, kids’ club, cinema paradiso",Oceanfront pool with Secret Beach views,Plant-forward dining with Belizean cuisine,Six Senses Spa with Mayan-inspired treatments,11,Six Senses,Embrace unparalleled luxury with stunning overwater villas amidst Belize's vibrant marine paradise.,"Overlooking the Caribbean Sea, these luxurious residences boast private plunge pools, expansive terraces, and direct access to pristine beaches."
Six Senses Residences,https://www.sixsenses.com/en/residences/fiji/,"Malolo Island, Mamanuca Islands",4500000,1500,3000000,7000000,3000,24,2018,completed,high,yes,yes,95,Malolo Island,Fiji,"Private plunge pools, fitness center, wellness spa, private dining spaces","Swimming Pool, Gym, Parking Space/Garage, Private Garden, Security, On-site Restaurant/Café","24-hour concierge, beach access, water sports, kids’ club, outdoor cinema",Beachfront pool with South Pacific views,Tovolea restaurant with Fijian cuisine,Six Senses Spa with tropical treatments,11,Six Senses,Discover serene luxury with breathtaking ocean views and private beachfront access.,"Set amidst pristine beaches, these residences boast unparalleled ocean views, private infinity pools, and direct access to vibrant coral reefs."
Six Senses Residences,https://www.sixsenses.com/en/residences/courchevel/,"Courchevel 1850, Savoie",6000000,3000,4000000,10000000,2000,53,2016,completed,high,yes,yes,95,Courchevel,France,"Ski-in/ski-out access, wellness spa, private terraces, private dining spaces","Swimming Pool, Gym, Parking Space/Garage, Security, On-site Restaurant/Café","24-hour concierge, sauna, ski valet, residents’ lounge, kids’ club",Indoor pool with Alpine views,Curated dining with French cuisine,Six Senses Spa with wellness treatments,10,Six Senses,Immerse yourself in alpine elegance with private spas and breathtaking mountain vistas.,"Offering breathtaking views of the French Alps, these residences feature private ski-in/ski-out access and personalized wellness amenities."
Six Senses Residences,https://www.sixsenses.com/en/residences/loire-valley/,"Six Senses Residences
Les Bordes Estate, Saint-Laurent-Nouan, Loir-et-Cher",7500000,1500,5000000,12000000,5000,55,2022,completed,high,yes,yes,95,Saint-Laurent-Nouan,France,"Ski-in/ski-out access, wellness spa, private terraces, fitness center","Swimming Pool, Gym, Parking Space/Garage, Private Garden, Security, On-site Restaurant/Café","24-hour concierge, sauna, residents’ lounge, in-residence dining, kids’ playroom",Indoor pool with Loire Valley views,Farm-to-table dining with French cuisine,"18,000 sq ft Six Senses Spa with holistic treatments",11,Six Senses,Immerse in unparalleled luxury amid enchanting vineyards and historic French elegance.,"Set against the backdrop of rolling vineyards, these residences boast stunning panoramic views and private access to serene nature trails."
Six Senses Residences,https://www.sixsenses.com/en/residences/crans-montana/,"Route des Téléphériques 60, Crans-Montana, Valais",5500000,2200,3500000,10000000,2500,17,2023,completed,high,yes,yes,95,Crans-Montana,Switzerland,"Ski-in/ski-out access, wellness spa, private terraces, private dining spaces","Swimming Pool, Gym, Parking Space/Garage, Security, On-site Restaurant/Café","24-hour concierge, sauna, ski valet, residents’ lounge, outdoor cinema",Indoor pool with Swiss Alps views,Curated dining with Alpine cuisine,"2,000 sqm Six Senses Spa with Alpine-inspired treatments",10,Six Senses,Indulge in breathtaking alpine views and luxurious wellness amenities at every turn.,"Set against breathtaking Alpine vistas, these residences offer unparalleled access to world-class wellness amenities and ski-in/ski-out convenience."
"Six Senses Residences, Kaplankaya",https://www.sixsenses.com/en/residences/kaplankaya/,"Bozbük, Milas, Muğla",4000000,1333,2500000,7000000,3000,141,2017,completed,high,yes,yes,95,Milas,Turkey,"Private terraces, fitness center, wellness spa, private dining spaces","Swimming Pool, Gym, Parking Space/Garage, Private Garden, Security, On-site Restaurant/Café","24-hour concierge, beach access, water sports, in-residence dining, residents’ lounge",Beachfront pool with Aegean Sea views,Sage & Salt with Mediterranean cuisine,Six Senses Spa with Turkish hammam,11,Six Senses,A serene haven blending contemporary luxury with breathtaking Aegean sea panoramas.,"Set against the stunning backdrop of the Aegean Sea, this residence boasts unparalleled panoramic views and exclusive access to private beach coves."
"Six Senses Residences, The Forestias",https://www.sixsenses.com/en/residences/the-forestias/,"The Forestias, Bangna, Samut Prakan",3500000,300,2000000,6000000,11723,27,2024,completed,high,yes,yes,95,Bang Phli,Thailand,"Private plunge pools, fitness center, wellness spa, treetop canopy walk","Swimming Pool, Gym, Parking Space/Garage, Private Garden, Security, On-site Restaurant/Café","24-hour concierge, sauna, in-residence dining, residents’ lounge, organic gardens",Private plunge pool with forest views,Curated dining with Thai cuisine,Six Senses Place membership club,11,Six Senses,Immerse yourself in eco-luxury amidst lush forest landscapes and innovative design.,"The Forestias offers a harmonious blend of lush greenery and stunning lake views, promoting wellness through nature-inspired living spaces."
Six Senses Residences,https://www.sixsenses.com/en/residences/con-dao/,"Dat Doc Beach, Con Dao Islands, Ba Ria-Vung Tau",3000000,1000,2000000,4500000,3000,15,2010,completed,high,yes,yes,95,Con Dao,Vietnam,"Private infinity pools, wellness spa, private terraces, fitness center","Swimming Pool, Gym, Parking Space/Garage, Private Garden, Security, On-site Restaurant/Caf","24-hour concierge, beach access, water sports, kids’ club, yoga pavilion",Oceanfront infinity pool with Con Dao views,Vietnamese by Design with local cuisine,Six Senses Spa with Lo Voi Mountain backdrop,11,Six Senses,"Bask in luxurious villas surrounded by pristine beaches and lush, untouched nature.","Set against a backdrop of stunning ocean views and lush mountains, these residences offer unparalleled privacy and luxurious eco-friendly amenities."
"Six Senses Residences, The Palm",https://www.sixsenses.com/en/residences/the-palm-dubai/,"West Crescent, Palm Jumeirah, Dubai",8000000,2667,5000000,15000000,3000,162,2026,under construction,high,yes,yes,94,Dubai,UAE,"Private infinity pools, wellness spa, private terraces, fitness center","Swimming Pool, Gym, Parking Space/Garage, Private Garden, Security, On-site Restaurant/Café","24-hour concierge, beach access, kids’ club, squash court, longevity clinic",Oceanfront pool with Persian Gulf views,Curated dining with Emirati cuisine,"60,000 sq ft Six Senses Place wellness club",11,Six Senses,Immerse yourself in serene beachfront living with breathtaking Gulf views and eco-luxury design.,"Overlooking the iconic Palm Jumeirah, this luxurious residence boasts stunning sea views, private beach access, and wellness-focused amenities."
"Six Senses Residences, Grand Bahama",https://www.sixsenses.com/en/residences/grand-bahama/,"Grand Lucayan Waterway, Freeport",6500000,1300,4000000,10000000,5000,28,2026,under construction,high,yes,yes,95,Freeport,Bahamas,"Private boat slips, wellness spa, private courtyards, fitness center","Swimming Pool, Gym, Parking Space/Garage, Private Garden, Security, On-site Restaurant/Café","24-hour concierge, beach access, water sports, beach club, outdoor cinema",Beachfront pool with Atlantic Ocean views,Signature dining with Bahamian cuisine,Six Senses Spa with coral restoration programs,11,Six Senses,Indulge in unparalleled oceanfront luxury with private beaches and lush tropical serenity.,"Overlooking pristine beaches, these luxurious residences feature private infinity pools and direct access to a vibrant coral reef."