residence_name,website_url,address,avg_price_per_unit,avg_price_per_sqft,budget_start_range,budget_end_range,floor_area_sqft,no_of_units,build_year,development_status,rental_potential,pet_friendly,accessible,confidence score,city,country,feature_names,amenity_names,other_amenities,highlighted_amenity1,highlighted_amenity2,highlighted_amenity3,ameneties_count,associated_brand,brief_subtitle,brief_description
"Marriott Residences, Grand Marina Saigon",https://masterisehomes.com/grand-marina-saigon/prime,"2 Tôn Đức Thắng, Bến Nghé, Quận 1",1500000,1590,571000,2400000,944,2100,2023,completed,high,yes,yes,95,Ho Chi Minh City,Vietnam,"Private cinema, fitness center, smart-home technology, tranquility pool","Swimming Pool, Gym, Parking Space/Garage, Security, On-site Restaurant/Café","24-hour concierge, kids’ club, in-residence dining, pet care services, shuttle service",Tranquility pool with Saigon River views,Nine-seat private cinema with refreshment bar,Kids’ club with contemporary learning zones,10,Marriott,"Indulge in breathtaking river views and luxurious, spacious suites in vibrant Saigon.","Overlooking the Saigon River, this residence boasts spacious suites with private balconies and unparalleled access to vibrant cultural hotspots."
"Marriott Residences, Heliopolis",https://mresidencescairo.com/#,"El Thawra Street, Almazah, Heliopolis",350000,615,162000,1398000,569,900,2004,under construction,high,yes,yes,95,Cairo,Egypt,"Private balconies, fitness center, private dining spaces, residents’ lounge","Swimming Pool, Gym, Parking Space/Garage, Security, On-site Restaurant/Café","24-hour concierge, kids’ play area, in-residence dining, rooftop terrace, sauna",Rooftop pool with Heliopolis skyline views,In-residence dining with curated menus,Wellness spa with sauna facilities,10,Marriott,Embrace sophisticated living with panoramic city views and unrivaled modern elegance.,"Offering stunning panoramic views of the iconic Cairo skyline, this residence features luxurious amenities and a prime location near cultural landmarks."
"Marriott Residences, Ambergris Caye Resort",https://ecidevelopment.com/community/belize-marriott-residences/,"Beachfront, San Pedro, Ambergris Caye",600000,600,319000,899900,1000,70,2025,under construction,high,yes,yes,95,San Pedro,Belize,"Private balconies, fitness center, beach club, private marina","Swimming Pool, Gym, Parking Space/Garage, Private Garden, Security, On-site Restaurant/Café","24-hour concierge, kids’ club, beach access, water sports, dive center",Oceanfront pool with Caribbean Sea views,Signature dining with local Belizean flavors,Private marina for water activities,11,Marriott,Discover oceanfront luxury with breathtaking views and exclusive overwater bungalows.,"Overlooking the Caribbean Sea, this resort boasts private beachfront access, stunning sunset views, and luxurious amenities for ultimate relaxation."
"Marriott Residences, Salgados Resort",https://www.marriott.com/en-us/hotels/faopv-marriott-residences-salgados-resort-algarve/overview/,"Marriott Residences, Salgados Resort  
Herdade dos Salgados, Guia",750000,625,500000,1200000,1200,212,2011,completed,high,yes,yes,95,Albufeira,Portugal,"Private balconies, fitness center, palm tree garden, kids’ splash zone","Swimming Pool, Gym, Parking Space/Garage, Private Garden, Security, On-site Restaurant/Café, Golf","24-hour concierge, kids’ club, beach access, sauna, spa facilities",Ten outdoor pools with palm tree surroundings,Three in-house restaurants with diverse menus,Access to Salgados 18-hole golf course,12,Marriott,Bask in luxurious seaside elegance with stunning ocean views and lush landscapes.,"Overlooking stunning coastal landscapes, this resort boasts luxurious accommodations with direct beach access and a world-class golf course nearby."
"Marriott Residences, Sheikh Zayed Road",https://www.marriott.com/en-us/hotels/dxbsz-residence-inn-sheikh-zayed-road-dubai/overview/,"Sheikh Zayed Road, Trade Centre 2",,,,,700,430,2005,completed,high,no,yes,95,Dubai,UAE,"Private kitchen, fitness center, residents’ lounge, wellness spa","Swimming Pool, Gym, Parking Space/Garage, Security, On-site Restaurant/Café","24-hour concierge, sauna, in-residence dining, rooftop terrace, convenience store",Rooftop pool with Dubai skyline views,The Panorama buffet with international cuisine,Saray Spa with wellness treatments,10,Marriott,"Soaring above Dubai's skyline, this luxury haven offers panoramic city vistas.","Offering breathtaking skyline views and spacious suites with fully equipped kitchens, this residence redefines urban luxury living in Dubai."
"Marriott Residences, Queens Waterfront",https://www.marriottresidencespenang.com/,"Gurney Drive, George Town",1000000,1250,750000,2500000,800,302,2024,completed,high,yes,yes,95,Penang,Malaysia,"Private balconies, fitness center, private dining spaces, rooftop infinity pool","Swimming Pool, Gym, Parking Space/Garage, Security, On-site Restaurant/Café","24-hour concierge, kids’ play area, sauna, residents’ lounge, rooftop terrace",Rooftop infinity pool with Penang Strait views,Signature dining with local Malaysian flavors,Wellness spa with sauna facilities,10,Marriott,Enjoy breathtaking sunsets from your private balcony overlooking Penang's serene coastline.,"Overlooking the stunning Penang waterfront, this residence boasts luxurious amenities, expansive terraces, and direct access to vibrant cultural attractions."
Vlora Marriott Residences,https://vloramarriottresidences.com/,"Porti Detar, Skele, Vlora",500000,500,300000,1200000,1000,161,2026,under construction,high,yes,yes,95,Vlora,Albania,"Private balconies, fitness center, beachfront lounge, wellness spa","Swimming Pool, Gym, Parking Space/Garage, Private Garden, Security, On-site Restaurant/Café","24-hour concierge, beach access, kids’ club, sauna, water sports",Oceanfront pool with Adriatic Sea views,Beachfront dining with Albanian cuisine,Wellness spa with sauna and water sports,11,Marriott,Breathtaking sea views and luxurious living redefine coastal elegance in Vlora.,"Offering breathtaking panoramic views of the Adriatic Sea, this residence features luxurious amenities and direct beach access for an unparalleled coastal experience."
Marriott Residences,https://www.marriottresidencespenang.com/,"Gurney Drive, George Town",1000000,1250,750000,2500000,800,302,2024,completed,high,yes,yes,95,Penang,Malaysia,"Private balconies, fitness center, private dining spaces, rooftop infinity pool","Swimming Pool, Gym, Parking Space/Garage, Security, On-site Restaurant/Café","24-hour concierge, kids’ play area, sauna, residents’ lounge, rooftop terrace",Rooftop infinity pool with Penang Strait views,Signature dining with local Malaysian flavors,Wellness spa with sauna facilities,10,Marriott,Luxury meets heritage in spacious residences overlooking George Town's vibrant skyline.,"Offering breathtaking views of the vibrant cityscape and the sea, this residence features spacious, elegantly designed suites with exclusive access to a rooftop infinity pool."
Marriott Residences,https://www.mr-stkitts.com/,"Marriott's St. Kitts Beach Club, 858 Frigate Bay Road, Frigate Bay, St. Kitts, Saint Kitts and Nevis.",,,,,1800,88,2000,completed,high,no,yes,95,St. Kitts,Saint Kitts and Nevis,"Private balconies, fitness center, beach club, wellness spa","Swimming Pool, Gym, Parking Space/Garage, Security, On-site Restaurant/Café, Golf","24-hour concierge, kids’ club, beach access, casino, tennis courts",Oceanfront pool with Atlantic views,Emerald Mist Spa with wellness treatments,Access to 18-hole Royal St. Kitts Golf Course,11,Marriott,Discover luxury living with breathtaking ocean views and world-class amenities.,"This stunning residence boasts breathtaking ocean views, private infinity pools, and direct access to pristine beaches, ensuring unparalleled luxury."
"Marriott Residences, Jumeirah Lake Towers",https://mrjlt.com/,"Cluster G, Jumeirah Lake Towers",1000000,1250,500000,2500000,800,535,2026,under construction,high,yes,yes,95,Dubai,UAE,"Private balconies, fitness center, open-air gym, private cinema","Swimming Pool, Gym, Parking Space/Garage, Security, On-site Restaurant/Café","24-hour concierge, infinity pool, paddle tennis court, kids’ play area, sauna",Infinity pool with Jumeirah Lake views,Open-air gym with panoramic city views,Paddle tennis court for residents,10,Marriott,Discover luxurious living with stunning lake views and unparalleled modern amenities.,"Boasting stunning panoramic views of the iconic Dubai skyline, this residence features luxurious amenities and exclusive access to serene lakeside promenades."
The Residences at Meliá Seychelles,https://theresidencesatmeliaseychelles.com/,"Seafront Estate, Roche Caiman, Mahé",1000000,1000,500000,1500000,1000,68,2026,under construction,high,yes,yes,95,Victoria,Seychelles,"Private balconies, fitness center, beach club, wellness spa","Swimming Pool, Gym, Parking Space/Garage, Private Garden, Security, On-site Restaurant/Café","24-hour concierge, kids’ club, beach access, water sports, sauna",Oceanfront pool with Indian Ocean views,Signature dining with Seychellois cuisine,Wellness spa with sauna and water sports,11,ME by Meliá,"Luxury villas blend seamlessly with lush tropical landscapes, offering breathtaking ocean serenity.","Offering breathtaking ocean views and private infinity pools, this residence provides an unparalleled blend of luxury and tranquility."
The Residences at Meliá Phuket Karon,https://meliaphuketkaronresidences.com/,"Karon Beach Road, Karon, Muang",750000,1250,225000,2500000,600,73,2025,under construction,high,yes,yes,95,Phuket,Thailand,"Private balconies, fitness center, beachfront lounge, wellness spa","Swimming Pool, Gym, Parking Space/Garage, Private Garden, Security, On-site Restaurant/Café","24-hour concierge, kids’ club, beach access, water sports, sauna",Oceanfront infinity pool with Andaman Sea views,Signature dining with Thai cuisine,Wellness spa with sauna and water sports,11,ME by Meliá,Discover unparalleled luxury with breathtaking panoramic ocean views from every residence.,"Set against stunning ocean views, this exclusive residence features private infinity pools and direct beach access for unparalleled luxury."
Montage Cay Residences,https://montagecayresidences.com/,"Montage Cay, Marsh Harbour, Abaco Islands",6000000,1500,4000000,17000000,4000,51,2026,under construction,high,yes,yes,95,Marsh Harbour,Bahamas,"Private pools, fitness center, private marina, beach club","Swimming Pool, Gym, Parking Space/Garage, Private Garden, Security, On-site Restaurant/Café","24-hour concierge, kids’ club, beach access, water sports, private yacht access",Oceanfront pool with Abaco Sea views,Signature dining with Bahamian cuisine,Private marina for yacht excursions,11,Montage,Discover unparalleled luxury with breathtaking ocean views and private beach access.,"Offering breathtaking ocean views, these luxurious residences feature private pools and direct access to pristine white-sand beaches."
"Montage Residences, Deer Valley",https://www.montageresidencesdeervalley.com/,"Montage Residences, Deer Valley  
9100 Marsac Avenue  
Park City, UT 84060  
United States",5000000,2000,4000000,7500000,2500,81,2010,completed,high,yes,yes,95,Park City,United States,"Ski-in/ski-out access, fitness center, bowling alley, 35,000 sq ft spa","Swimming Pool, Gym, Parking Space/Garage, Security, On-site Restaurant/Café","24-hour concierge, kids’ club, ski valet, sauna, residents’ lounge","Indoor-outdoor pool at 35,000 sq ft Spa Montage",Apex fine dining with mountain views,Four-lane bowling alley at Daly’s Pub,10,Montage,Elevate your lifestyle with ski-in/ski-out luxury and breathtaking alpine vistas.,"Set against breathtaking mountain vistas, these residences boast unparalleled ski-in/ski-out access and luxurious amenities, redefining alpine living."
Montage Residences,https://montageresidenceshealdsburg.com/,"Montage Residences Healdsburg, 100 Montage Way, Healdsburg, CA 95448, United States.",5500000,1200,1350000,8181000,4600,40,2021,under construction,high,yes,yes,95,Healdsburg,United States,"Private plunge pools, fitness center, 11,500 sq ft spa, vineyard","Swimming Pool, Gym, Parking Space/Garage, Private Garden, Security, On-site Restaurant/Café","24-hour concierge, kids’ club, pickleball courts, archery range, residents-only pool",Residents-only pool overlooking vineyards,Hazel Hill farm-to-table dining,Spa Montage with wellness treatments,11,Montage,"Amidst rolling vineyards, luxurious villas offer unparalleled panoramic views and serenity.","Offering breathtaking vineyard views and direct access to world-class wineries, these residences redefine luxury living in Healdsburg."
"Montage Residences, Bay",https://montageresidenceskapaluabay.com/,"Montage Residences, Bay  
1 Bay Drive  
Kapalua, HI 96761  
United States",4500000,1800,2500000,8500000,2500,146,2009,completed,high,no,yes,95,Kapalua,United States,"Private lanais, fitness center, lagoon-style pools, world-class spa","Swimming Pool, Gym, Parking Space/Garage, Private Garden, Security, On-site Restaurant/Café","24-hour concierge, kids’ club, beach access, tennis courts, hiking trails",Lagoon-style pools with Pacific Ocean views,Spa Montage with Maui-inspired treatments,Cane & Canoe dining with local cuisine,11,Montage,"Immerse yourself in breathtaking ocean views from luxurious, spacious residences in paradise.","Offering breathtaking ocean views and direct access to pristine beaches, this residence features luxurious amenities and unparalleled privacy."
Montage Residences,https://www.montage.com/lagunabeach/residences/,"30801 South Coast Highway, Laguna Beach, CA 92651, United States.",15000000,3000,8000000,30000000,5000,28,2003,completed,high,yes,yes,95,Laguna Beach,United States,"Private courtyards, fitness center, oceanfront spa, private dining spaces","Swimming Pool, Gym, Parking Space/Garage, Security, On-site Restaurant/Café","24-hour concierge, kids’ club, beach access, sauna, residents’ lounge",Oceanfront pool with Pacific views,Spa Montage with coastal wellness treatments,The Loft dining with California cuisine,10,Montage,Unrivaled coastal luxury meets breathtaking oceanfront views in every exquisite detail.,"Overlooking the stunning Pacific coastline, these residences boast expansive ocean views, private terraces, and unparalleled access to pristine beaches."
Montage Residences,https://www.montageresidencesloscabos.com/,"Carretera Transpeninsular Km. 12.5, Int. Bahía Santa María",3500000,1400,2250000,5000000,2500,52,2018,completed,high,yes,yes,95,Cabo San Lucas,Mexico,"Private plunge pools, fitness center, full-service spa, private lounge","Swimming Pool, Gym, Parking Space/Garage, Private Garden, Security, On-site Restaurant/Café, Golf","24-hour concierge, kids’ club, beach access, tennis courts, bocce ball court",Oceanfront pool at Santa Maria Bay,Marea dining with Baja cuisine,Access to Twin Dolphin 18-hole golf course,12,Montage,Discover unparalleled oceanfront luxury with breathtaking views and world-class amenities.,"Overlooking the stunning Sea of Cortez, these residences boast private infinity pools and direct beach access for unparalleled luxury."
"Montage Residences, Palmetto Bluff",https://www.montageresidencespalmettobluff.com/,"Montage Residences, Palmetto Bluff  
477 Mount Pelia Road  
Bluffton, SC 29910  
United States",3500000,1000,2000000,7500000,3500,97,2016,completed,high,yes,yes,95,Bluffton,United States,"Screened porches, fitness center, Carolina rooms with fireplaces, wellness spa","Swimming Pool, Gym, Parking Space/Garage, Private Garden, Security, On-site Restaurant/Café, Golf","24-hour concierge, kids’ club, hiking trails, archery range, bocce ball court",Resort-style pool with Lowcountry views,Octagon dining with Southern cuisine,Access to Jack Nicklaus Signature golf course,12,Montage,Immerse yourself in luxury with stunning waterfront views and unparalleled southern charm.,"Overlooking pristine marshlands and a tranquil river, these residences boast expansive outdoor spaces and unparalleled access to nature trails and golf courses."
Montage Residences,https://montageresidencesbigsky.com/,"Montage Residences Big Sky  
995 Settlement Trail",7500000,2500,4250000,18600000,3000,86,2021,completed,high,yes,yes,95,Big Sky,United States,"Ski-in/ski-out access, fitness center, bowling alley, residents’ lounge","Swimming Pool, Gym, Parking Space/Garage, Security, On-site Restaurant/Café","24-hour concierge, kids’ club, ski valet, hot tubs, residents-only pool",Indoor-outdoor pool with Spanish Peaks views,Alpine fine dining with Montana-inspired cuisine,Six-lane bowling alley at The Living Room,10,Montage,"Elevate mountain living with ski-in, ski-out luxury and breathtaking alpine vistas.","Offering breathtaking panoramic mountain views and direct access to world-class skiing, this residence combines luxury with unparalleled outdoor adventure."
Montage Residences,https://www.montage.com/destinations/puntamita/residences/,"Punta Mita, Bahía de Banderas, Nayarit",6000000,1500,5000000,15000000,4000,62,2027,under construction,high,yes,yes,95,Punta Mita,Mexico,"Private plunge pools, fitness center, beach club, wellness spa","Swimming Pool, Gym, Parking Space/Garage, Private Garden, Security, On-site Restaurant/Café, Golf","24-hour concierge, kids’ club, beach access, tennis courts, water sports",Oceanfront pool with Banderas Bay views,Signature dining with Mexican cuisine,Access to two Jack Nicklaus Signature golf courses,12,Montage,Unwind in oceanfront luxury with panoramic views and private plunge pools.,"Offering breathtaking ocean views and direct beach access, these residences feature private plunge pools and luxurious amenities."
"Mövenpick Residences, Teuta",https://accor-residences.com/property/movenpick-residences-cam-ranh-vietnam/,"Palih Boraca 19b, Risan",600000,1000,445000,1950000,600,66,2025,under construction,high,yes,yes,95,Risan,Montenegro,"Private terraces, fitness center, indoor infinity pool, wellness spa","Swimming Pool, Gym, Parking Space/Garage, Private Garden, Security, On-site Restaurant/Café","24-hour concierge, kids’ club, beach access, gelateria, yoga space",Indoor infinity pool with Kotor Bay views,Rooftop and beachside dining with Mediterranean cuisine,Mövenpick gelateria with premium ice cream,11,Mövenpick,Bask in luxurious serenity with stunning views of Kotor Bay's azure waters.,"Overlooking the stunning Kotor Bay, this residence boasts private terraces with breathtaking views and direct access to pristine beaches."
Mövenpick Residences,https://accor-residences.com/property/movenpick-residences-teuta-kotor-bay/,"Mövenpick Residences Cam Ranh, 2 Nguyen Tat Thanh, Cam Ranh, Khanh Hoa, Vietnam.",1200000,600,800000,1800000,2000,118,2019,completed,high,yes,yes,95,Khanh Hoa,Vietnam,"Private balconies, fitness center, serenity spa, Swiss Village","Swimming Pool, Gym, Parking Space/Garage, Private Garden, Security, On-site Restaurant/Café","24-hour concierge, kids’ club, water park, rope park, rock climbing wall",Oceanfront pool with Long Beach views,Panorama restaurant with Vietnamese cuisine,"1,100 sqm Serenity Spa with wellness treatments",11,Mövenpick,Wake up to sweeping oceanfront views and private luxury in every detail.,"Offering breathtaking ocean views and direct beach access, these residences feature luxurious amenities and a serene tropical setting."
Mövenpick Residences,https://accor-residences.com/property/movenpick-residences-phu-quoc-vietnam/,"Mövenpick Residences Phu Quoc, Ong Lang Beach, Cua Duong Village, Phu Quoc District",600000,750,250000,1200000,800,408,2019,completed,high,yes,yes,95,Phu Quoc,Vietnam,"Private balconies, fitness center, wellness spa, Swiss Village","Swimming Pool, Gym, Parking Space/Garage, Private Garden, Security, On-site Restaurant/Café","24-hour concierge, kids’ club, beach access, water sports, sauna",Oceanfront pool with Ong Lang Beach views,Chocolate Hour at Mövenpick’s signature restaurants,Spa La Perle with sauna and wellness treatments,11,Mövenpick,Discover unparalleled luxury with private beachfront villas and breathtaking ocean views.,"Offering breathtaking ocean views and private beach access, this residence features luxurious amenities and vibrant tropical gardens."
Nobu Residences,https://www.nobuhotels.com/hotel-collection/abu-dhabi/,"Mamsha Al Saadiyat, Saadiyat Island",3500000,1250,2177000,10880000,2800,88,2027,under construction,high,yes,yes,95,Abu Dhabi,UAE,"Private balconies, fitness center, wellness center, private dining spaces","Swimming Pool, Gym, Parking Space/Garage, Security, On-site Restaurant/Café","24-hour concierge, beach access, sauna, residents’ lounge, in-residence dining",Oceanfront pool with Arabian Gulf views,Nobu restaurant with waterfront dining,Wellness center with sauna facilities,10,Nobu,Indulge in luxurious waterfront living with breathtaking views and exquisite design.,"The residences boast breathtaking waterfront views, private beach access, and unparalleled amenities, redefining luxury living in the city."
Nobu Residences,https://www.nobuhotels.com/hotel-collection/nobu-hotel-danang/,"1 Vo Van Kiet, Phuoc My, Son Tra",1000000,1250,500000,3000000,800,266,2026,under construction,high,yes,yes,95,Da Nang,Vietnam,"Private balconies, fitness center, wellness center, private dining spaces","Swimming Pool, Gym, Parking Space/Garage, Security, On-site Restaurant/Café","24-hour concierge, beach access, sauna, residents’ lounge, in-residence dining",Rooftop pool with My Khe Beach views,Nobu restaurant with Japanese fusion cuisine,Wellness center with sauna and fitness facilities,10,Nobu,Immerse yourself in luxury with stunning ocean views and world-class amenities.,"Overlooking the stunning My Khe Beach, these residences boast private infinity pools and bespoke concierge services for unparalleled luxury."
Nobu Residences,https://www.nobuhotels.com/hotel-collection/nobu-hotel-al-khobar/,"Nobu Residences Al Khobar, King Saud Road, Al Khobar, Saudi Arabia.",2500000,1250,1500000,4000000,2000,63,2026,under construction,high,yes,yes,95,Al Khobar,Saudi Arabia,"Private balconies, fitness center, wellness center, private dining spaces","Swimming Pool, Gym, Parking Space/Garage, Security, On-site Restaurant/Café","24-hour concierge, sauna, residents’ lounge, in-residence dining, rooftop terrace",Rooftop pool with Arabian Gulf views,Nobu restaurant with Japanese fusion cuisine,Wellness center with sauna facilities,10,Nobu,Where sleek Japanese-inspired elegance meets unparalleled waterfront luxury and sophistication.,"Offering breathtaking waterfront views and unparalleled access to luxury amenities, this residence redefines upscale living in Al Khobar."
Nobu Residences,https://www.nobuhotels.com/hotel-collection/nobu-hotel-al-marjan-island/,Al Marjan Island,1500000,714,651000,4900000,2100,300,2026,under construction,high,yes,yes,92,Ras Al Khaimah,UAE,"Private balconies, fitness center, beach club, wellness spa","Swimming Pool, Gym, Parking Space/Garage, Private Garden, Security, On-site Restaurant/Café","24-hour concierge, beach access, sauna, residents’ lounge, in-residence dining",Oceanfront pool with Arabian Gulf views,Nobu beach club with curated dining,Wellness spa with sauna facilities,11,Nobu,Discover unparalleled luxury with breathtaking panoramic views of the Arabian Gulf.,"Overlooking pristine beaches and the stunning Hajar Mountains, these residences boast unparalleled luxury with exclusive amenities and breathtaking views."
Nobu Residences,https://loscabos.nobuhotels.com/residences/,"Nobu Residences Los Cabos, Carretera Transpeninsular Km 28.5, San José del Cabo, Baja California Sur, Mexico.",2750000,917,1200000,6500000,3000,60,2019,completed,high,yes,yes,94,San José del Cabo,Mexico,"Private plunge pools, fitness center, Esencia Wellness Spa, private dining spaces","Swimming Pool, Gym, Parking Space/Garage, Private Garden, Security, On-site Restaurant/Café, Golf","24-hour concierge, beach access, sauna, residents’ lounge, in-residence dining",Oceanfront infinity pool with Pacific Ocean views,Nobu restaurant with Japanese fusion cuisine,Esencia Wellness Spa with hydrotherapy garden,12,Nobu,Luxuriate in breathtaking ocean views from your private infinity pool oasis.,"Offering breathtaking ocean views and direct beach access, these residences feature luxurious amenities and personalized services for an unparalleled lifestyle."
Nobu Residences,https://www.nobuhotels.com/hotel-collection/tulum/,"Nobu Residences Tulum, Carretera Tulum-Boca Paila, KM 7.5, Tulum, Quintana Roo, Mexico.",2000000,833,900000,5000000,2400,50,2026,under construction,high,yes,yes,90,Tulum,Mexico,"Private balconies, fitness center, beach club, wellness spa","Swimming Pool, Gym, Parking Space/Garage, Private Garden, Security, On-site Restaurant/Café","24-hour concierge, beach access, sauna, residents’ lounge, in-residence dining",Beachfront pool with Riviera Maya views,Nobu restaurant with Japanese fusion cuisine,Wellness spa with sauna facilities,11,Nobu,Immerse in serene luxury where sleek design meets Tulum's lush jungle tranquility.,"Overlooking pristine beaches and lush jungles, these residences boast unparalleled ocean views, private infinity pools, and exclusive access to vibrant local culture."
Nobu Residences,https://www.nobuhotels.com/hotel-collection/nobu-hotel-punta-cana/?utm_source=chatgpt.com,"Nobu Residences Punta Cana, Boulevard de la Marina, Cap Cana, Punta Cana 23000, Dominican Republic.",2250000,900,1000000,5500000,2500,50,2025,under construction,high,yes,yes,91,Punta Cana,Dominican Republic,"Private balconies, fitness center, beach club, wellness spa","Swimming Pool, Gym, Parking Space/Garage, Private Garden, Security, On-site Restaurant/Café","24-hour concierge, beach access, sauna, residents’ lounge, in-residence dining",Oceanfront pool with Caribbean Sea views,Nobu restaurant with Japanese fusion cuisine,Wellness spa with sauna facilities,11,Nobu,Immerse yourself in unparalleled luxury with breathtaking oceanfront views and exquisite design.,"Offering breathtaking ocean views, these luxurious residences feature private pools, gourmet dining, and direct beach access for ultimate indulgence."
Nobu Residences,https://www.nobuhotels.com/hotel-collection/nobu-hotel-orlando/,"Nobu Residences Orlando, 610 N Orange Ave, Orlando, FL 32801, United States.",2500000,1000,1200000,6000000,2500,50,2026,under construction,high,yes,yes,90,Orlando,United States,"Private balconies, fitness center, wellness center, private dining spaces","Swimming Pool, Gym, Parking Space/Garage, Security, On-site Restaurant/Café","24-hour concierge, residents’ lounge, in-residence dining, sauna, rooftop terrace",Rooftop pool with Orlando skyline views,Nobu restaurant with Japanese fusion cuisine,Wellness center with sauna facilities,10,Nobu,Indulge in luxury with stunning waterfront views and world-class amenities at your doorstep.,"Offering breathtaking skyline views and luxurious amenities, these residences feature private rooftop terraces and direct access to vibrant entertainment options."
Nobu Residences,https://www.nobuhotels.com/hotel-collection/northcoastegypt/,"Km 134, Alexandria-Marsa Matrouh Road",1800000,750,800000,4500000,2400,60,2027,planned,high,yes,yes,88,Sidi Abdel Rahman,Egypt,"Private balconies, fitness center, beach club, wellness spa","Swimming Pool, Gym, Parking Space/Garage, Private Garden, Security, On-site Restaurant/Café","24-hour concierge, beach access, sauna, residents’ lounge, in-residence dining",Beachfront pool with Mediterranean Sea views,Nobu restaurant with Japanese fusion cuisine,Wellness spa with sauna facilities,11,Nobu,"Where contemporary elegance meets serene Mediterranean shores, redefining luxury coastal living.","Overlooking pristine beaches and crystal-clear waters, these residences feature private infinity pools and expansive terraces for unparalleled luxury living."
Nobu Residences,https://www.nobuhotels.com/toronto/,"Nobu Residences Toronto, 15 Mercer St, Toronto, ON M5V 0C4, Canada.",1600000,1250,750000,3500000,1280,660,2023,completed,high,yes,yes,95,Toronto,Canada,"Private balconies, fitness center, wellness center, private dining spaces","Swimming Pool, Gym, Parking Space/Garage, Security, On-site Restaurant/Café","24-hour concierge, sauna, residents’ lounge, in-residence dining, rooftop terrace",Rooftop pool with Toronto skyline views,Nobu restaurant with Japanese fusion cuisine,Wellness center with sauna facilities,10,Nobu,Elevate your lifestyle with panoramic city views and world-class culinary indulgence.,"Boasting breathtaking skyline views and direct access to a world-class culinary experience, this residence redefines luxury living in Toronto."
One&Only Private Residences,https://www.oneandonlyresorts.com/mandarina/private-homes,"Mandarina, Mexico: Carretera Federal 200, km 5.5, 63734, Riviera Nayarit, Mexico.",7500000,1500,4000000,15000000,5000,55,2021,completed,high,yes,yes,93,Riviera Nayarit,Mexico,"Private plunge pools, fitness center, beach club, Spa at One&Only","Swimming Pool, Gym, Parking Space/Garage, Private Garden, Security, On-site Restaurant/Café","24-hour concierge, kids’ club, beach access, water sports, botanical garden",Private plunge pool with Pacific Ocean views,Alma restaurant with Mexican cuisine,Spa at One&Only with jungle-inspired treatments,11,One&Only,Indulge in luxurious beachfront living amidst lush jungles and breathtaking ocean views.,"Set along the stunning Riviera Nayarit, these residences boast breathtaking ocean views, lush jungle surroundings, and unparalleled privacy."
One&Only Private Residences,https://www.oneandonlyresorts.com/kea-island/private-homes,Vroskopos Bay,5500000,950,4000000,8500000,5790,25,2023,under construction,low,yes,yes,92,Kéa Island,Greece,"Private infinity pools, fitness center, beach club, Cycladic-inspired spa","Swimming Pool, Gym, Parking Space/Garage, Private Garden, Security, On-site Restaurant/Café","24-hour concierge, kids’ club, beach access, water sports, yoga studio",Private infinity pool with Aegean Sea views,Signature dining with Greek cuisine,Cycladic-inspired spa with wellness treatments,11,One&Only,Immerse in serene Aegean luxury with panoramic sea views and unmatched privacy.,"Offering breathtaking sea views and private access to pristine beaches, these residences redefine luxury living in Greece."
One&Only Private Residences,https://www.oneandonlyresorts.com/portonovi/private-homes/ownership,Vojna Kasarna bb,6500000,1200,4000000,10000000,5413,10,2021,completed,high,yes,yes,94,Kumbor,Montenegro,"Private sandy beach, fitness center, private jetty, Chenot Espace spa","Swimming Pool, Gym, Parking Space/Garage, Private Garden, Security, On-site Restaurant/Café","24-hour concierge, kids’ club, beach access, marina access, tennis courts",Private pool with Boka Bay views,Tapasake Club with Asian-inspired cuisine,Chenot Espace spa with wellness programs,11,One&Only,Discover unparalleled Adriatic luxury with breathtaking panoramic views and private beach access.,"These luxurious residences boast breathtaking Adriatic Sea views, private infinity pools, and access to a pristine beach, ensuring unparalleled exclusivity."
One&Only Private Residences,https://www.oneandonlyresorts.com/one-zaabeel/private-homes,Za'abeel 1,5000000,1400,2500000,10000000,3570,92,2024,completed,high,yes,yes,95,Dubai,UAE,"Private terraces, fitness center, wellness spa, private dining spaces","Swimming Pool, Gym, Parking Space/Garage, Security, On-site Restaurant/Café","24-hour concierge, sauna, residents’ lounge, in-residence dining, rooftop terrace",Infinity pool with Dubai skyline views,Signature dining at The Link with global cuisines,Spa at One&Only with wellness treatments,10,One&Only,Indulge in unparalleled luxury with breathtaking views of the Arabian Gulf.,These luxurious residences boast breathtaking panoramic views of the iconic Palm Jumeirah and offer unparalleled access to world-class amenities.
"One&Only Private Residences, Le Saint Géran",https://www.oneandonlyresorts.com/le-saint-geran/private-homes,Coastal Road,6000000,1000,3500000,10000000,6000,52,2018,completed,high,yes,yes,94,Pointe de Flacq,Mauritius,"Private sandy beach, fitness center, private jetty, wellness spa","Swimming Pool, Gym, Parking Space/Garage, Private Garden, Security, On-site Restaurant/Café","24-hour concierge, kids’ club, beach access, water sports, deli",Beachfront pool with Indian Ocean views,RIVA restaurant with Italian coastal cuisine,Spa at One&Only with wellness treatments,11,One&Only,"A sanctuary of timeless elegance, offering beachfront living with private lagoon access.","Overlooking the pristine lagoon, these luxurious residences feature private beach access and unparalleled sunset views, ensuring ultimate exclusivity."
"One&Only Private Residences, Portonovi",https://www.oneandonlyresorts.com/portonovi/private-homes/ownership,"Herceg Novi, Montenegro.",6500000,1200,4000000,10000000,5413,10,2021,completed,high,yes,yes,94,Herceg Novi,Montenegro,"Private sandy beach, fitness center, private jetty, Chenot Espace spa","Swimming Pool, Gym, Parking Space/Garage, Private Garden, Security, On-site Restaurant/Café","24-hour concierge, kids’ club, beach access, marina access, tennis courts",Private pool with Boka Bay views,Tapasake Club with Asian-inspired cuisine,Chenot Espace spa with wellness programs,11,One&Only,Discover unparalleled luxury with breathtaking Adriatic views and exquisite architectural design.,"Overlooking the stunning Bay of Kotor, these residences feature private pools and direct beach access, ensuring unparalleled luxury."
"One&Only Private Residences, Moonlight Basin",https://www.oneandonlyresorts.com/moonlight-basin,"One&Only Private Residences, Moonlight Basin  
Big Sky, MT 59716  
United States",8000000,1600,5000000,12000000,5000,62,2025,under construction,high,yes,yes,93,Big Sky,United States,"Ski-in/ski-out access, fitness center, wellness spa, private dining spaces","Swimming Pool, Gym, Parking Space/Garage, Security, On-site Restaurant/Café","24-hour concierge, kids’ club, ski valet, hot tubs, residents’ lounge",Indoor-outdoor pool with Big Sky mountain views,Signature dining with Montana-inspired cuisine,Spa at One&Only with wellness treatments,10,One&Only,"Indulge in breathtaking mountain views from your luxurious, private alpine sanctuary.","Offering breathtaking panoramic views of the Spanish Peaks, these residences feature direct access to world-class skiing and hiking trails."
Park Hyatt Los Cabos Residences,https://www.parkhyattloscabosresidences.com/,"Park Hyatt Los Cabos Residences  
Carretera Transpeninsular Km 19.5,  
San José del Cabo,  
B.C.S., 23400,  
Mexico",11000000,1450,10500000,12000000,7590,19,2025,under construction,high,yes,yes,95,San José del Cabo,Mexico,"Private terraces, fitness center, beach club, wellness spa","Swimming Pool, Gym, Parking Space/Garage, Private Garden, Security, On-site Restaurant/Café, Golf","24-hour concierge, kids’ club, beach access, sauna, in-residence dining",Oceanfront pool with Sea of Cortez views,Farm-to-table dining at Cabo del Sol,Farm-to-table dining at Cabo del Sol,12,Park Hyatt,Indulge in panoramic ocean views from your luxurious cliffside oasis retreat.,"Boasting breathtaking ocean views and direct beach access, this residence features private infinity pools and bespoke concierge services."
"Park Hyatt Niseko Hanazono Residences, Hanazono",https://www.hanazono-residences.com/,"Park Hyatt Niseko Hanazono Residences, 204-2 Aza Hanazono, Kutchan-cho, Abuta-gun, Hokkaido 044-0082, Japan.",3500000,1750,1500000,7000000,2000,113,2020,under construction,high,yes,yes,94,Hokkaido,Japan,"Ski-in/ski-out access, fitness center, private onsen, residents’ lounge","Swimming Pool, Gym, Parking Space/Garage, Private Garden, Security, On-site Restaurant/Café, Golf","24-hour concierge, kids’ club, ski valet, hot spring bath, in-residence dining",Indoor pool with Mount Yotei views,Michelin-starred dining at Moliere Montagne,Private onsen for residents,12,Park Hyatt,Discover unparalleled luxury with stunning mountain views and exquisite alpine design.,"Offering breathtaking views of Mount Yotei, these residences feature private ski-in/ski-out access and luxurious amenities for an unparalleled alpine experience."
Park Hyatt London River Thames Residences,https://riverthamesresidences.com/,10-12 The Thames,3500000,2500,1500000,7000000,1400,103,2025,under construction,high,yes,yes,94,London,UK,"Private terraces, fitness center, wellness spa, private dining spaces","Swimming Pool, Gym, Parking Space/Garage, Security, On-site Restaurant/Café","24-hour concierge, sauna, in-residence dining, childcare service, valet parking",Indoor pool with Thames River views,Signature dining with curated menus,Spa with wellness treatments,10,Park Hyatt,"Overlooking the Thames, these opulent residences redefine riverside luxury with unmatched elegance.","Overlooking the iconic River Thames, these residences boast breathtaking views and bespoke amenities, creating an unparalleled urban retreat."
Park Hyatt Beijing Residences at Yintai Center,https://www.hyatt.com/collection/hyatt-residences-private-residences,"2 Jianguomenwai Street, Chaoyang District",2500000,1800,1500000,4500000,1390,63,2008,completed,high,yes,yes,93,Beijing,China,"Private balconies, fitness center, wellness spa, private dining spaces","Swimming Pool, Gym, Parking Space/Garage, Security, On-site Restaurant/Café","24-hour concierge, sauna, in-residence dining, residents’ lounge, business facilities",Indoor pool with city skyline views,China Grill with international cuisine,Spa with sauna and wellness treatments,10,Park Hyatt,Discover unparalleled luxury with breathtaking cityscape views from your private sanctuary.,"Offering breathtaking skyline views and luxurious amenities, these residences provide an unparalleled urban living experience in Beijing's vibrant Yintai Center."
Raffles Residences,https://rafflesresidencesboston.com/,"Raffles Residences Boston  
430 Stuart Street",3500000,2500,1000000,16000000,1400,146,2023,completed,high,yes,yes,95,Boston,United States,"Private terraces, fitness center, Guerlain Spa, private dining spaces","Swimming Pool, Gym, Parking Space/Garage, Security, On-site Restaurant/Café","24-hour concierge, sauna, in-residence dining, residents’ lounge, rooftop terrace",Indoor pool with Back Bay views,La Matignon dining with French cuisine,Guerlain Spa with wellness treatments,10,Raffles,Luxurious urban living meets breathtaking harbor views in Boston's vibrant heart.,"Offering sweeping views of the Charles River and Boston skyline, this residence boasts unparalleled luxury amenities and exceptional privacy."
The OWO Residences by Raffles,https://theowo.london/the-owo-residences,"57 Whitehall, London SW1A 2BX, UK.",7000000,2800,2000000,25000000,2500,85,2023,completed,high,yes,yes,95,London,UK,"Private cinema, fitness center, Guerlain Spa, residents’ wine cellar","Swimming Pool, Gym, Parking Space/Garage, Security, On-site Restaurant/Café","24-hour concierge, sauna, residents’ lounge, in-residence dining, Pillar Wellbeing club",Indoor pool in historic Edwardian setting,Mauro Colagreco’s Michelin-starred dining,Guerlain Spa with nine treatment rooms,10,Raffles,"Live within history reimagined, where opulent heritage meets unrivaled modern luxury.","Overlooking the Thames and iconic landmarks, these residences boast bespoke interiors and unparalleled access to London’s vibrant cultural scene."
Raffles Residences,https://rafflesresidencesjeddah.com/,"Corniche Road, Al-Hamra District",3000000,950,2600000,10000000,3158,120,2025,under construction,high,yes,yes,92,Jeddah,Saudi Arabia,"Private terraces, fitness center, wellness spa, private dining spaces","Swimming Pool, Gym, Parking Space/Garage, Private Garden, Security, On-site Restaurant/Café","24-hour concierge, sauna, beach access, in-residence dining, residents’ lounge",Oceanfront pool with Red Sea views,Signature dining with curated menus,Wellness spa with sauna facilities,11,Raffles,Immerse in unparalleled luxury with panoramic Red Sea views and exquisite design.,"Overlooking the Red Sea, this luxurious residence features private terraces, gourmet dining, and unparalleled access to vibrant cultural experiences."
Raffles Residences,https://accor-residences.com/property/raffles-residences-jakarta-indonesia/,"Raffles Residences Jakarta, Jl. Prof. Dr. Satrio No. 3, Kuningan, Jakarta 12940, Indonesia.",1500000,700,800000,3000000,2143,80,2015,completed,high,yes,yes,94,Jakarta,Indonesia,"Private balconies, fitness center, Raffles Spa, residents’ lounge","Swimming Pool, Gym, Parking Space/Garage, Security, On-site Restaurant/Café","24-hour concierge, kids’ club, sauna, in-residence dining, outdoor jogging track",Outdoor pool with Jakarta skyline views,Arts Café with Indonesian brunch,Raffles Spa with wellness treatments,10,Raffles,Discover luxurious urban living with breathtaking skyline views and exquisite amenities.,"Offering breathtaking panoramic views of the city skyline, these residences feature private rooftop gardens and unparalleled concierge services."
"Regent Pool Club Residences,  Porto Montenegro",https://www.ihg.com/regent/hotels/us/en/porto-montenegro/tivpm/hoteldetail/regent-pool-club-residences,"Obala bb, Porto Montenegro Village",2500000,1300,800000,6000000,1923,88,2018,completed,high,yes,yes,94,Porto Montenegro,Montenegro,"Private terraces, fitness center, private pool, wellness spa","Swimming Pool, Gym, Parking Space/Garage, Private Garden, Security, On-site Restaurant/Café","24-hour concierge, kids’ club, beach access, marina access, in-residence dining",Private pool with Boka Bay views,Murano restaurant with Mediterranean cuisine,Regent Spa with holistic wellness treatments,11,Regent,Luxuriate in waterfront living with panoramic marina views and world-class elegance.,"Overlooking the azure Adriatic, these residences boast expansive terraces, private yacht berths, and direct access to vibrant marina life."