residence_name,website_url,address,avg_price_per_unit,avg_price_per_sqft,budget_start_range,budget_end_range,floor_area_sqft,no_of_units,build_year,development_status,rental_potential,pet friendly,accessible,confidence score,city,country,feature_names,amenity_names,other_amenities,highlighted_amenity1,highlighted_amenity2,highlighted_amenity3,ameneties_count,associated_brand,brief_subtitle,brief_description
Tierra Viva,https://verdinproperty.com/new-developments/tierra-viva-lamborghini-residences/,"Calle de la Chumbera, 4, 29679 Benahavís, Málaga, Spain",4200000,1050,3800000,5000000,4000,53,2027,under construction,high,yes,yes,97,Malaga,Spain,"Private Pool, Spa / Wellness Area, Fitness Room / Gym, Panoramic Views, Private Balcony / Terrace, Residents’ Lounge, Chef’s Kitchen, Private Elevator, Infinity Pool, Home Theater, Wine Cellar / Wine Room, Private Garage, Outdoor Kitchen / BBQ Area","On-site Restaurant/Café, Security Staff, Gated Community, Gym, Concierge Services, Parking Space/Garage, Housekeeping Services, Spa, Green Spaces/Parks, 24-Hour Butler Service",Car Elevator,Concierge Services,Spa,Green Spaces/Parks,,Lamborghini,Immerse yourself in luxurious living with breathtaking mountain views and exquisite design.,"Tierra Viva in Benahavís boasts breathtaking panoramic mountain views, luxurious amenities, and a prime location near exclusive golf courses and nature trails."
"Tonino Lamborghini Residences, Meydan One","https://www.luxhabitat.ae/developments/dubai/tonino-lamborghini-residences/
 https://www.gulflandproperty.com/tonino-lamborghini-residences","1 Al Meydan Rd, Nad Al Sheba 1, Meydan, Dubai, 487952, United Arab Emirates",1500000,1250,817000,3500000,1200,250,2022,completed,high,yes,yes,98,Dubai,UAE,"Private Pool, Spa / Wellness Area, Fitness Room / Gym, Panoramic Views, Private Balcony / Terrace, Residents’ Lounge, Chef’s Kitchen, Private Elevator, Infinity Pool, Home Office","On-site Restaurant/Café, Security Staff, Gated Community, Gym, Concierge Services, Parking Space/Garage, Housekeeping Services, Spa, Business Center, Shared Lounges, Event Spaces/Banquet Halls, Rooftop Amenities, Cold Storage/Package Rooms",,Concierge Services,Spa,Rooftop Amenities,,Lamborghini,Immerse yourself in opulent design and seamless luxury overlooking Dubai’s iconic skyline.,"Offering breathtaking views of the iconic skyline and a luxurious lifestyle, this residence features exclusive amenities and unparalleled access to vibrant city life."
"Tonino Lamborghini Residences, Al Marjan Island","https://marjanisland-ae.com/tonino-lamborghini-residences/
 https://www.gulflandproperty.com/tonino-lamborghini-residences","Al Marjan Island, Ras Al Khaimah, 31108, United Arab Emirates",1000000,1000,500000,3000000,1000,241,2027,under construction,high,yes,yes,96,Ras Al Khaimah,UAE,"Private Pool, Spa / Wellness Area, Fitness Room / Gym, Panoramic Views, Private Balcony / Terrace, Residents’ Lounge, Chef’s Kitchen, Private Elevator, Infinity Pool, Beachfront Villas, Home Office","On-site Restaurant/Café, Security Staff, Gated Community, Gym, Concierge Services, Parking Space/Garage, Private Beach Access, Housekeeping Services, Spa, Business Center, Shared Lounges, Event Spaces/Banquet Halls, Rooftop Amenities",,Private Beach Access,Rooftop Amenities,Event Spaces/Banquet Halls,,Lamborghini,Elevate your lifestyle with unparalleled luxury amid stunning Arabian Gulf views.,"Offering stunning panoramic views of the Arabian Gulf, these residences feature private beach access and unparalleled luxury amenities."
Dubai Hills Vista Villas by Lamborghini,"https://properties.emaar.com/en/properties/dubai-hills-vista/
 https://www.gulflandproperty.com/tonino-lamborghini-residences","Dubai Hills Estate, Mohammed Bin Rashid City, Dubai, 487952, United Arab Emirates",10000000,1250,8000000,12000000,8000,40,2024,completed,high,yes,yes,98,Dubai,UAE,"Private Pool, Spa / Wellness Area, Fitness Room / Gym, Panoramic Views, Private Balcony / Terrace, Residents’ Lounge, Chef’s Kitchen, Private Elevator, Infinity Pool, Private Garage, Outdoor Kitchen / BBQ Area, Home Office","On-site Restaurant/Café, Security Staff, Gated Community, Gym, Concierge Services, Parking Space/Garage, Housekeeping Services, Spa, Golf Course Access, Green Spaces/Parks",24-Hour Butler Service,Golf Course Access,Spa,Concierge Services,,Lamborghini,Indulge in luxurious living with breathtaking views and bespoke architectural elegance.,These luxurious villas boast breathtaking panoramic views of the Dubai skyline and exclusive access to private golf courses.
Tonino Lamborghini Residences,https://lamborghini.it/en-int/pages/project-real-estate-balneario-camboriu,"Avenida Atlântica, 4240, Centro, Balneário Camboriú, SC, 88330-002, Brazil",2500000,1000,1500000,4000000,2500,67,2023,completed,high,yes,yes,99,Camboriú,Brazil,"Private Pool, Spa / Wellness Area, Fitness Room / Gym, Panoramic Views, Private Balcony / Terrace, Residents’ Lounge, Chef’s Kitchen, Private Elevator, Infinity Pool, Beachfront Villas, Home Office, Wine Cellar / Wine Room, Outdoor Kitchen / BBQ Area","On-site Restaurant/Café, Security Staff, Gated Community, Gym, Concierge Services, Parking Space/Garage, Private Beach Access, Housekeeping Services, Spa, Business Center, Shared Lounges, Event Spaces/Banquet Halls, Rooftop Amenities, Kids' Play Area, Marina/Yacht Club, Cold Storage/Package Rooms","Heated Pool, Electric Vehicle Charging",Private Beach Access,Spa,Marina/Yacht Club,,Lamborghini,"Redefining luxury living, this architectural masterpiece boasts unrivaled oceanfront elegance.","Offering breathtaking ocean views and luxurious amenities, this residence features a rooftop infinity pool and exclusive private beach access."
Tonino Lamborghini Apartments,https://lamborghini.it/en-int/pages/project-real-estate-san-paulo-brasil,"Avenida Brigadeiro Faria Lima, 2170, Jardim Paulistano, São Paulo, SP, 01451-001, Brazil",2000000,1333,1200000,3500000,1500,100,2026,under construction,high,yes,yes,94,São Paulo,Brazil,"Spa / Wellness Area, Fitness Room / Gym, Panoramic Views, Private Balcony / Terrace, Residents’ Lounge, Chef’s Kitchen, Private Elevator, Home Office, Butler’s Pantry / Service Kitchen, Wine Cellar / Wine Room, Private Garage","On-site Restaurant/Café, Security Staff, Gated Community, Gym, Concierge Services, Parking Space/Garage, Housekeeping Services, Spa, Business Center, Shared Lounges, Event Spaces/Banquet Halls, Green Spaces/Parks, Cold Storage/Package Rooms",Electric Vehicle Charging Stations,On-site Restaurant/Café,Business Center,Spa,,Lamborghini,Discover unparalleled luxury with panoramic city views from your private sky terrace.,"Boasting stunning panoramic views of the city skyline, these residences feature bespoke interiors and unparalleled amenities for a luxurious lifestyle."
Tonino Lamborghini Hotels & Residences,https://lamborghini.it/en-int/pages/project-real-estate-chengdu,"No. 66 Jincheng Avenue, High-tech Zone, Chengdu, Sichuan, 610041, China",1500000,1000,1000000,3000000,1500,500,2023,completed,high,yes,yes,96,Chengdu,China,"Spa / Wellness Area, Fitness Room / Gym, Panoramic Views, Private Balcony / Terrace, Residents’ Lounge, Chef’s Kitchen, Private Elevator, Infinity Pool, Home Office, Private Garage","On-site Restaurant/Café, Security Staff, Gated Community, Gym, Concierge Services, Parking Space/Garage, Housekeeping Services, Spa, Business Center, Shared Lounges, Event Spaces/Banquet Halls, Green Spaces/Parks, Art Gallery/Exhibition Space",24-Hour Butler Service,Concierge Services,Spa,Art Gallery/Exhibition Space,,Lamborghini,"Immerse yourself in luxurious elegance, where contemporary design meets breathtaking mountain views.","Offering breathtaking views of the city skyline and exclusive access to luxurious amenities, this residence redefines urban living."
"Tonino Lamborghini Residences, New Capital",https://lamborghini.it/en-int/pages/real-estate,,,,,,,,2019,planned,high,,,,New Capital,Egypt,,,,,,,,Lamborghini,Immerse in ultra-modern elegance where Italian sophistication meets visionary urban design.,"These luxurious residences boast breathtaking panoramic views of lush greenery and the vibrant city skyline, enhancing urban living."
Mercedes-Benz Places,https://miami.mercedesbenzplaces.com,"1910 Alton Rd, Miami Beach, FL 33139, United States",3500000,1750,1500000,20000000,2000,791,2027,under construction,high,yes,yes,99,Miami,United States,"Spa / Wellness Area, Fitness Room / Gym, Panoramic Views, Private Balcony / Terrace, Residents’ Lounge, Chef’s Kitchen, Private Elevator, Infinity Pool, Home Office, Butler’s Pantry / Service Kitchen","On-site Restaurant/Café, Security Staff, Gated Community, Gym, Concierge Services, Parking Space/Garage, Housekeeping Services, Spa, Business Center, Shared Lounges, Event Spaces/Banquet Halls, Rooftop Amenities, Cold Storage/Package Rooms",Electric Vehicle Charging Stations,Rooftop Amenities,Business Center,Spa,,Mercedes-Benz,Discover unparalleled luxury with breathtaking ocean views and innovative architectural design.,"This luxurious residence boasts breathtaking waterfront views, private rooftop terraces, and exclusive access to a vibrant cultural scene."
Mercedes-Benz Places by Binghatti,,"1 Sheikh Mohammed bin Rashid Blvd, Downtown Dubai, Dubai, 487952, United Arab Emirates",6750000,1800,2400000,21500000,3750,150,2026,under construction,high,yes,yes,99,Dubai,UAE,"Private Pool, Spa / Wellness Area, Fitness Room / Gym, Panoramic Views, Private Balcony / Terrace, Residents’ Lounge, Chef’s Kitchen, Private Elevator, Infinity Pool, Home Office","On-site Restaurant/Café, Security Staff, Gated Community, Gym, Concierge Services, Parking Space/Garage, Housekeeping Services, Spa, Business Center, Shared Lounges, Event Spaces/Banquet Halls, Rooftop Amenities, Cinema/Screening Room, Cold Storage/Package Rooms","Electric Vehicle Charging Stations, Automated Valet Parking",Concierge Services,Spa,Rooftop Amenities,,Mercedes-Benz,Discover unparalleled luxury living with breathtaking skyline views and exquisite design.,This luxurious residence boasts breathtaking panoramic views of the Dubai skyline and exclusive amenities like a rooftop infinity pool and private gardens.
Porsche Design Tower,https://pdtowermiami.com,"18555 Collins Avenue, Sunny Isles Beach, FL 33160, United States",6500000,1625,4000000,15000000,4000,132,2017,completed,high,yes,yes,98,Miami,United States,"Private Pool, Spa / Wellness Area, Fitness Room / Gym, Panoramic Views, Private Balcony / Terrace, Residents’ Lounge, Chef’s Kitchen, Private Elevator, Infinity Pool, Beachfront Villas, Home Office, Private Garage","On-site Restaurant/Café, Security Staff, Gated Community, Gym, Concierge Services, Parking Space/Garage, Private Beach Access, Housekeeping Services, Spa, Business Center, Shared Lounges, Event Spaces/Banquet Halls, Cinema/Screening Room, Cold Storage/Package Rooms",Car Elevator,Private Beach Access,Spa,Event Spaces/Banquet Halls,,Porsche Design Tower,A soaring masterpiece with private sky garages elevating luxury living to breathtaking heights.,"This luxurious Miami residence boasts private elevator access to each unit, stunning ocean views, and a unique car lift system."
Porsche Design Tower,https://www.studiofaporsche.com/en/case/porsche-design-tower-stuttgart/,"70435 Stuttgart, Germany.",,,,,,,2017,completed,high,,,,Stuttgart,Germany,,,,,,,,Porsche Design Tower,Elevate your lifestyle with in-unit car elevators offering unparalleled luxury and convenience.,"The Porsche Design Tower boasts stunning panoramic views of Stuttgart, featuring luxurious amenities like private garages and a rooftop infinity pool."
Porsche Design Tower,https://www.porsche-design.com/ca/en/footer/footer/porsche-design-tower/,"60 Soi Sukhumvit 38, Khlong Tan, Khlong Toei, Bangkok, 10110, Thailand",27500000,3055,15000000,40000000,9000,22,2028,planned,high,yes,yes,98,Bangkok,Thailand,"Private Pool, Spa / Wellness Area, Fitness Room / Gym, Panoramic Views, Private Balcony / Terrace, Residents’ Lounge, Chef’s Kitchen, Private Elevator, Infinity Pool, Home Office, Private Garage","On-site Restaurant/Café, Security Staff, Gated Community, Gym, Concierge Services, Parking Space/Garage, Housekeeping Services, Spa, Business Center, Shared Lounges, Event Spaces/Banquet Halls, Rooftop Amenities","Car Elevator, 24-Hour Butler Service",Concierge Services,Spa,Rooftop Amenities,,Porsche Design Tower,Luxurious residences feature private elevators directly accessing your exclusive parking space.,"The tower boasts private sky garages, allowing residents to park their cars beside their luxurious units with breathtaking cityscape views."
"Mondrian Residences, South Beach",https://accor-residences.com/property/mondrian-residences-south-beach-miami/,"Mondrian Residences, South Beach  
1100 West Avenue, Miami Beach, FL 33139, United States",1500000,1500,800000,3000000,1000,342,2008,completed,high,yes,yes,97,Miami,United States,"Spa / Wellness Area, Fitness Room / Gym, Panoramic Views, Private Balcony / Terrace, Residents’ Lounge, Chef’s Kitchen, Private Elevator, Infinity Pool, Home Office","On-site Restaurant/Café, Security Staff, Gated Community, Gym, Concierge Services, Parking Space/Garage, Private Beach Access, Housekeeping Services, Spa, Business Center, Shared Lounges, Event Spaces/Banquet Halls, Rooftop Amenities, Pet-Friendly Facilities",,Private Beach Access,Rooftop Amenities,Spa,,Accor,"Immerse in panoramic bay views and bold, artistic design redefining luxury living.","Overlooking the vibrant oceanfront, these residences boast expansive terraces, private rooftop pools, and unparalleled access to pristine beaches."
"Mondrian Tulum Residences, Mexico",https://mondriantulumresidences.com/,"Carretera Tulum-Boca Paila Km 7.5, Tulum, Quintana Roo, 77780, Mexico",1200000,800,800000,2000000,1500,65,2027,under construction,high,yes,yes,96,Tulum,Mexico,"Private Pool, Spa / Wellness Area, Fitness Room / Gym, Panoramic Views, Private Balcony / Terrace, Private Cabanas, Beach Club, Residents’ Lounge, Chef’s Kitchen, Outdoor Kitchen / BBQ Area, Infinity Pool","On-site Restaurant/Café, Security Staff, Gated Community, Gym, Concierge Services, Parking Space/Garage, Private Beach Access, Housekeeping Services, Spa, Shared Lounges, Event Spaces/Banquet Halls, Green Spaces/Parks, Biking/Running Trails",,Private Beach Access,Spa,Green Spaces/Parks,,Accor,Embrace unparalleled luxury with private rooftop pools overlooking Tulum's lush jungle.,"Offering breathtaking ocean views and direct beach access, these residences feature eco-friendly design and luxurious amenities for an unparalleled lifestyle."
SLS Infantas Residences,https://slsmadridinfantasresidences.com/,"Calle de las Infantas, 40, Centro, Madrid, 28004, Spain",2400000,1600,1700000,3500000,1500,33,2025,under construction,high,yes,yes,95,Madrid,Spain,"Spa / Wellness Area, Fitness Room / Gym, Panoramic Views, Private Balcony / Terrace, Residents’ Lounge, Chef’s Kitchen, Private Elevator, Home Office","On-site Restaurant/Café, Security Staff, Gated Community, Gym, Concierge Services, Parking Space/Garage, Housekeeping Services, Spa, Business Center, Shared Lounges, Event Spaces/Banquet Halls, Rooftop Amenities, Cold Storage/Package Rooms",,Rooftop Amenities,Event Spaces/Banquet Halls,Concierge Services,,Accor,Discover luxurious living in Madrid with stunning skyline views and exquisite design.,The SLS Infantas Residences boast breathtaking skyline views and exclusive access to a rooftop terrace with a luxurious pool.
SLS Infantas Residences,https://accor-residences.com/property/sls-infantas-residences-madrid-spain/,"Calle de Infantas, 29, 28004 Madrid, Spain.",,,,,,,2020,under construction,high,,,,Madrid,Spain,,,,,,,,Accor,"A masterpiece of modern luxury, offering sunlit terraces and vibrant city views.","Offering breathtaking skyline views and a rooftop pool, this residence uniquely combines luxury living with vibrant urban energy."
The OWO Residences by Raffles,https://theowo.london/the-owo-residences,"57 Whitehall, London, SW1A 2BX, United Kingdom",7600000,3800,5000000,20000000,2000,85,2023,completed,high,yes,yes,98,London,UK,"Spa / Wellness Area, Fitness Room / Gym, Panoramic Views, Private Balcony / Terrace, Residents’ Lounge, Chef’s Kitchen, Private Elevator, Home Office, Butler’s Pantry / Service Kitchen, Wine Cellar / Wine Room","On-site Restaurant/Café, Security Staff, Gated Community, Gym, Concierge Services, Parking Space/Garage, Housekeeping Services, Spa, Business Center, Shared Lounges, Event Spaces/Banquet Halls, Cinema/Screening Room, Cold Storage/Package Rooms",24-Hour Butler Service,Spa,Business Center,Cinema/Screening Room,,Raffles,"Indulge in opulent living within London's iconic architectural masterpiece, reimagined.","Offering breathtaking views of the River Thames and bespoke interiors, this residence redefines luxury living in London."
"Raffles Residences, Boston Back Bay",https://rafflesresidencesboston.com,"Raffles Residences, Boston Back Bay  
40 Trinity Place, Boston, MA 02116, United States",5500000,2750,1989000,13600000,2000,146,2023,completed,high,yes,yes,99,Boston,United States,"Spa / Wellness Area, Fitness Room / Gym, Panoramic Views, Private Balcony / Terrace, Residents’ Lounge, Chef’s Kitchen, Private Elevator, Home Office, Butler’s Pantry / Service Kitchen, Wine Cellar / Wine Room, Infinity Pool","On-site Restaurant/Café, Security Staff, Gated Community, Gym, Concierge Services, Parking Space/Garage, Housekeeping Services, Spa, Business Center, Shared Lounges, Event Spaces/Banquet Halls, Rooftop Amenities, Cinema/Screening Room, Pet-Friendly Facilities, Cold Storage/Package Rooms",24-Hour Butler Service,Rooftop Amenities,Concierge Services,Spa,,Raffles,Immerse yourself in luxurious living with stunning views of the iconic skyline.,"Offering breathtaking views of the Charles River and unparalleled access to Boston's cultural landmarks, this residence redefines luxury living."
"Fairmont Heritage Place, Ghirardelli Square",https://fairmontatghirardelli.com,"Fairmont Heritage Place, Ghirardelli Square  
900 North Point Street, San Francisco, CA 94109, United States",3000000,1500,2000000,5000000,2000,53,2008,completed,high,yes,yes,97,San Francisco,United States,"Spa / Wellness Area, Fitness Room / Gym, Panoramic Views, Private Balcony / Terrace, Residents’ Lounge, Chef’s Kitchen, Home Office, Butler’s Pantry / Service Kitchen","On-site Restaurant/Café, Security Staff, Gated Community, Gym, Concierge Services, Parking Space/Garage, Housekeeping Services, Shared Lounges, Event Spaces/Banquet Halls, Green Spaces/Parks, Pet-Friendly Facilities",,On-site Restaurant/Café,Green Spaces/Parks,Concierge Services,,Fairmont,Luxurious waterfront residences blend historic charm with breathtaking views of San Francisco Bay.,This luxurious residence boasts breathtaking views of the Golden Gate Bridge and offers exclusive access to historic Ghirardelli Square's vibrant dining and shopping scene.
Kuala Lumpur Residences,https://accor-residences.com/property/so-kl-residences-kuala-lumpur-malaysia/,"1 Jalan Kia Peng, Kuala Lumpur, 50450, Malaysia",1200000,1200,800000,2000000,1000,78,2022,completed,high,yes,yes,95,Kuala Lumpur,Malaysia,"Spa / Wellness Area, Fitness Room / Gym, Panoramic Views, Private Balcony / Terrace, Residents’ Lounge, Chef’s Kitchen, Private Elevator, Infinity Pool, Home Office","On-site Restaurant/Café, Security Staff, Gated Community, Gym, Concierge Services, Parking Space/Garage, Housekeeping Services, Spa, Business Center, Shared Lounges, Event Spaces/Banquet Halls, Rooftop Amenities, Pet-Friendly Facilities",,Rooftop Amenities,Spa,Concierge Services,,Accor,Elevate your lifestyle with panoramic skyline views from luxurious sky-high sanctuaries.,"Kuala Lumpur Residences boasts breathtaking skyline views and exclusive rooftop amenities, setting a new standard for urban luxury living."
"MGallery Residences, MontAzure Lakeside",https://accor-residences.com/property/mgallery-residences-montazure-lakeside/,"15/1 Moo 6, Kamala, Kathu, Phuket, 83150, Thailand",340000,4680,288000,422000,700,236,2025,under construction,high,yes,yes,99,Phuket,Thailand,"Private Pool, Spa / Wellness Area, Fitness Room / Gym, Panoramic Views, Private Balcony / Terrace, Residents’ Lounge, Chef’s Kitchen, Outdoor Kitchen / BBQ Area, Home Office","On-site Restaurant/Café, Security Staff, Gated Community, Gym, Concierge Services, Parking Space/Garage, Housekeeping Services, Spa, Shared Lounges, Green Spaces/Parks, Biking/Running Trails",,Concierge Services,Spa,Green Spaces/Parks,,Accor,"Immerse yourself in serene lakeside luxury, surrounded by lush tropical landscapes.","Overlooking a stunning lake and lush mountains, these residences offer unparalleled serenity with exclusive access to a private beach club."
YOO Residences,https://www.yooresidences.com/property/yoo-limassol/,"1 Stasikratous Street, Limassol, 3100, Cyprus",1600000,1185,700000,3500000,1350,141,2025,under construction,high,yes,yes,96,Limassol,Cyprus,"Private Pool, Spa / Wellness Area, Fitness Room / Gym, Panoramic Views, Private Balcony / Terrace, Residents’ Lounge, Chef’s Kitchen, Private Elevator, Infinity Pool, Beachfront Villas, Home Office","On-site Restaurant/Café, Security Staff, Gated Community, Gym, Concierge Services, Parking Space/Garage, Private Beach Access, Housekeeping Services, Spa, Business Center, Shared Lounges, Event Spaces/Banquet Halls, Rooftop Amenities, Kids' Play Area",,Private Beach Access,Rooftop Amenities,Spa,,Yoo,"Embrace panoramic Mediterranean views from luxurious, artfully designed sky-high residences.","Offering breathtaking panoramic sea views and direct access to pristine beaches, this residence features luxurious amenities and an exclusive rooftop infinity pool."
Lucas by YOO Residences,https://www.yooresidences.com/property/lucas-by-yoo/,"Avenida Carlos Gomes, 1956, Moinhos de Vento, Porto Alegre, RS, 90470-001, Brazil",1000000,1000,600000,1800000,1000,120,2024,completed,high,yes,yes,95,Porto Alegre,Brazil,"Spa / Wellness Area, Fitness Room / Gym, Panoramic Views, Private Balcony / Terrace, Residents’ Lounge, Chef’s Kitchen, Private Elevator, Infinity Pool, Home Office","On-site Restaurant/Café, Security Staff, Gated Community, Gym, Concierge Services, Parking Space/Garage, Housekeeping Services, Shared Lounges, Event Spaces/Banquet Halls, Rooftop Amenities, Cold Storage/Package Rooms",,Concierge Services,Rooftop Amenities,Gym,,Yoo,"Immerse yourself in stunning city views from luxurious, modern apartments with vibrant amenities.","Offering breathtaking views of the Guaíba River, this residence features exclusive amenities like a rooftop infinity pool and private gardens."
Rio by YOO Residences,https://www.yooresidences.com/property/rio-by-yoo/,"Avenida Rui Barbosa, 170, Flamengo, Rio de Janeiro, RJ, 22250-020, Brazil",1200000,800,900000,1800000,1500,140,2022,completed,high,yes,yes,98,Rio de Janeiro,Brazil,"Spa / Wellness Area, Fitness Room / Gym, Panoramic Views, Private Balcony / Terrace, Residents’ Lounge, Chef’s Kitchen, Private Elevator, Home Office","On-site Restaurant/Café, Security Staff, Gated Community, Gym, Concierge Services, Parking Space/Garage, Housekeeping Services, Shared Lounges, Event Spaces/Banquet Halls, Green Spaces/Parks",,Concierge Services,Gym,Green Spaces/Parks,,Yoo,"Elevated above Rio’s vibrant landscape, this residence blends luxury with breathtaking panoramas.","Offering breathtaking panoramic views of the iconic Copacabana Beach, this residence boasts exclusive amenities and vibrant urban living."
Float by YOO Residences,https://www.yooresidences.com/property/float-by-yoo/,"Avenida Brigadeiro Faria Lima, 2400, Jardim Paulistano, São Paulo, SP, 01452-000, Brazil",2000000,1333,1200000,3500000,1500,100,2026,under construction,high,yes,yes,94,São Paulo,Brazil,"Spa / Wellness Area, Fitness Room / Gym, Panoramic Views, Private Balcony / Terrace, Residents’ Lounge, Chef’s Kitchen, Private Elevator, Infinity Pool, Home Office","On-site Restaurant/Café, Security Staff, Gated Community, Gym, Concierge Services, Parking Space/Garage, Housekeeping Services, Shared Lounges, Rooftop Amenities, Cold Storage/Package Rooms",,On-site Restaurant/Café,Rooftop Amenities,Gym,,Yoo,Soar above São Paulo with unparalleled panoramic views and avant-garde design.,"Offering breathtaking panoramic views of the city skyline, this residence features exclusive amenities like a rooftop infinity pool and private gardens."
Novotel Residences,https://accor-residences.com/property/novotel-residences-makkah-saudi-arabia/,"Al Maabda, Makkah, 24236, Saudi Arabia",500000,833,400000,800000,600,200,2024,completed,high,no,yes,95,Makkah,Saudi Arabia,"Spa / Wellness Area, Fitness Room / Gym, Private Balcony / Terrace, Residents’ Lounge, Chef’s Kitchen, Home Office","On-site Restaurant/Café, Security Staff, Gated Community, Gym, Concierge Services, Parking Space/Garage, Housekeeping Services, Business Center, Shared Lounges, Event Spaces/Banquet Halls",,On-site Restaurant/Café,Event Spaces/Banquet Halls,Business Center,,Accor,"Indulge in breathtaking views of the Kaaba from luxurious, spacious accommodations.","Offering breathtaking views of the Kaaba, this residence features spacious apartments with luxurious amenities and a prime location."
Faena Sao Paulo Residences,https://accor-residences.com/property/faena-sao-paulo-residences/,"Faena São Paulo Residences  
Rua Diogo Moreira, 222, Pinheiros, São Paulo, SP, 05423-010, Brazil",3500000,1167,2000000,7000000,3000,100,2026,under construction,high,yes,yes,98,São Paulo,Brazil,"Private Pool, Spa / Wellness Area, Fitness Room / Gym, Panoramic Views, Private Balcony / Terrace, Residents’ Lounge, Chef’s Kitchen, Private Elevator, Infinity Pool, Home Office, Outdoor Kitchen / BBQ Area, Home Theater","On-site Restaurant/Café, Security Staff, Gated Community, Gym, Concierge Services, Parking Space/Garage, Housekeeping Services, Spa, Business Center, Shared Lounges, Event Spaces/Banquet Halls, Tennis Courts, Art Gallery/Exhibition Space, Sports Facilities",24-Hour Butler Service,Concierge Services,Spa,Art Gallery/Exhibition Space,,Accor,"Where artistry meets luxury, these visionary residences redefine São Paulo's skyline elegance.","Offering breathtaking views of the city skyline, these residences feature bespoke interiors and exclusive access to luxurious amenities."
Rixos Financial Center Road Dubai Residences,https://accor-residences.com/property/rixos-financial-center-road-dubai-residences-uae/,"Sheikh Zayed Road, Downtown Dubai, Dubai, 487952, United Arab Emirates",2000000,1333,1500000,5000000,1500,260,2025,under construction,high,yes,yes,99,Dubai,UAE,"Private Pool, Spa / Wellness Area, Fitness Room / Gym, Panoramic Views, Private Balcony / Terrace, Residents’ Lounge, Chef’s Kitchen, Private Elevator, Infinity Pool, Home Office, Game Room / Entertainment Area","On-site Restaurant/Café, Security Staff, Gated Community, Gym, Concierge Services, Parking Space/Garage, Housekeeping Services, Spa, Business Center, Shared Lounges, Event Spaces/Banquet Halls, Rooftop Amenities, Kids' Play Area, Cinema/Screening Room, Cold Storage/Package Rooms","Padel Court, Turkish Hammam, Golf Simulator, 24-Hour Butler Service",Rooftop Amenities,Cinema/Screening Room,On-site Restaurant/Café,,Accor,Elevate your lifestyle with breathtaking skyline views and luxurious modern design.,"Offering breathtaking panoramic views of the Dubai skyline, these residences feature unparalleled amenities and direct access to vibrant cultural hubs."
Rixos Dubai Islands Residences,https://accor-residences.com/property/rixos-dubai-islands-hotel-residences-uae/,"Dubai Islands, Dubai, 487952, United Arab Emirates",1800000,1200,1000000,4000000,1500,300,2026,under construction,high,yes,yes,96,Dubai,UAE,"Private Pool, Spa / Wellness Area, Fitness Room / Gym, Panoramic Views, Private Balcony / Terrace, Private Cabanas, Beach Club, Beachfront Villas, Residents’ Lounge, Chef’s Kitchen, Private Elevator, Infinity Pool","On-site Restaurant/Café, Security Staff, Gated Community, Gym, Concierge Services, Parking Space/Garage, Private Beach Access, Housekeeping Services, Spa, Business Center, Shared Lounges, Event Spaces/Banquet Halls, Rooftop Amenities, Kids' Play Area, Marina/Yacht Club, Sports Facilities",,Private Beach Access,Spa,Marina/Yacht Club,,Accor,Discover unparalleled luxury with breathtaking views of Dubai's shimmering skyline and coastline.,"Offering breathtaking waterfront views, these residences feature private beach access and luxurious amenities in a prime location."
"Fairmont Residences, Solara Tower",https://accor-residences.com/property/fairmont-residences-solara-tower-dubai/,"Sheikh Zayed Road, Downtown Dubai, Dubai, 487952, United Arab Emirates",2200000,2316,788000,5170000,950,246,2027,under construction,high,yes,yes,99,Dubai,UAE,"Spa / Wellness Area, Fitness Room / Gym, Panoramic Views, Private Balcony / Terrace, Residents’ Lounge, Chef’s Kitchen, Private Elevator, Infinity Pool, Home Office, Butler’s Pantry / Service Kitchen","On-site Restaurant/Café, Security Staff, Gated Community, Gym, Concierge Services, Parking Space/Garage, Housekeeping Services, Spa, Business Center, Shared Lounges, Event Spaces/Banquet Halls, Rooftop Amenities, Cinema/Screening Room, Cold Storage/Package Rooms",24-Hour Butler Service,Concierge Services,Spa,Rooftop Amenities,,Accor,"Elevating luxury living, this architectural masterpiece offers panoramic skyline and sea views.","Offering breathtaking panoramic views of the iconic skyline and luxurious amenities, this residence redefines upscale living in Dubai."
Mondrian Tulum Residences,https://accor-residences.com/property/mondrian-tulum-residences/,"Carretera Tulum-Boca Paila Km 7.5, Tulum, Quintana Roo, 77780, Mexico",1200000,800,800000,2000000,1500,65,2027,under construction,high,yes,yes,96,Tulum,Mexico,"Private Pool, Spa / Wellness Area, Fitness Room / Gym, Panoramic Views, Private Balcony / Terrace, Private Cabanas, Beach Club, Residents’ Lounge, Chef’s Kitchen, Outdoor Kitchen / BBQ Area, Infinity Pool","On-site Restaurant/Café, Security Staff, Gated Community, Gym, Concierge Services, Parking Space/Garage, Private Beach Access, Housekeeping Services, Spa, Shared Lounges, Event Spaces/Banquet Halls, Green Spaces/Parks, Biking/Running Trails",,Private Beach Access,Event Spaces/Banquet Halls,Green Spaces/Parks,,Accor,Immerse yourself in luxurious eco-chic living with stunning jungle and ocean views.,"The residences boast breathtaking ocean views, private rooftop terraces with plunge pools, and direct access to pristine beaches."
SLS Palm Jumeirah Residences,https://accor-residences.com/property/sls-palm-jumeirah-residences/,"East Crescent, Palm Jumeirah, Dubai, 487952, United Arab Emirates",2500000,1250,1500000,5000000,2000,200,2026,under construction,high,yes,yes,97,Dubai,UAE,"Private Pool, Spa / Wellness Area, Fitness Room / Gym, Panoramic Views, Private Balcony / Terrace, Private Cabanas, Beach Club, Beachfront Villas, Residents’ Lounge, Chef’s Kitchen, Private Elevator, Infinity Pool","On-site Restaurant/Café, Security Staff, Gated Community, Gym, Concierge Services, Parking Space/Garage, Private Beach Access, Housekeeping Services, Spa, Business Center, Shared Lounges, Event Spaces/Banquet Halls, Rooftop Amenities, Kids' Play Area, Marina/Yacht Club",,Private Beach Access,Marina/Yacht Club,Business Center,,Accor,Indulge in breathtaking panoramic views from luxurious waterfront residences in Dubai's paradise.,"The SLS Palm Jumeirah Residences offer breathtaking panoramic views of the Arabian Gulf, complemented by luxurious amenities and a vibrant lifestyle."
"Pullman Residences, Newton",https://pullmanresidences.com.sg/,"18 Dunearn Road, Newton, Singapore, 309421, Singapore",2800000,2800,1800000,4500000,1000,340,2023,completed,high,yes,yes,99,Singapore,Singapore,"Spa / Wellness Area, Fitness Room / Gym, Panoramic Views, Private Balcony / Terrace, Residents’ Lounge, Chef’s Kitchen, Private Elevator, Infinity Pool, Home Office","On-site Restaurant/Café, Security Staff, Gated Community, Gym, Concierge Services, Parking Space/Garage, Housekeeping Services, Spa, Shared Lounges, Event Spaces/Banquet Halls, Rooftop Amenities, Kids' Play Area, Cold Storage/Package Rooms, Tennis Courts","Aqua Gym, 24-Hour Butler Service, Teppanyaki Grill, BBQ Pits, Jacuzzi, Dining Pavilion",Rooftop Amenities,Concierge Services,Spa,,Accor,Elevate your lifestyle with luxurious hotel-inspired living in prime Newton.,"Offering breathtaking panoramic views of the city skyline, this residence features exclusive amenities like a rooftop infinity pool and lush landscaped gardens."
Raffles Residences,https://accor-residences.com/property/raffles-residences-diriyah-saudi-arabia/,"Al Rajhi Grand Mosque Road, Diriyah, Riyadh, 13713, Saudi Arabia",3500000,1167,2000000,6000000,3000,200,2027,under construction,high,yes,yes,95,Riyadh,Saudi Arabia,"Private Pool, Spa / Wellness Area, Fitness Room / Gym, Panoramic Views, Private Balcony / Terrace, Residents’ Lounge, Chef’s Kitchen, Private Elevator, Home Office, Butler’s Pantry / Service Kitchen, Private Garage","On-site Restaurant/Café, Security Staff, Gated Community, Gym, Concierge Services, Parking Space/Garage, Housekeeping Services, Spa, Business Center, Shared Lounges, Event Spaces/Banquet Halls, Green Spaces/Parks",24-Hour Butler Service,Spa,Business Center,Event Spaces/Banquet Halls,,Accor,Discover unparalleled luxury with breathtaking views of Diriyah's rich heritage landscape.,"Offering breathtaking views of the historic Diriyah landscape, these residences feature unparalleled access to cultural landmarks and luxurious amenities."
Pullman Residences,https://accor-residences.com/property/pullman-residences-batumi-georgia/,"4 Lech and Maria Kaczynski Street, Batumi, Adjara, 6010, Georgia",150000,500,100000,300000,300,800,2023,completed,high,yes,yes,97,Batumi,Georgia,"Private Pool, Spa / Wellness Area, Fitness Room / Gym, Panoramic Views, Private Balcony / Terrace, Residents’ Lounge, Chef’s Kitchen, Private Elevator, Infinity Pool, Beachfront Villas","On-site Restaurant/Café, Security Staff, Gated Community, Gym, Concierge Services, Parking Space/Garage, Private Beach Access, Housekeeping Services, Spa, Business Center, Shared Lounges, Event Spaces/Banquet Halls, Rooftop Amenities, Kids' Play Area",,Private Beach Access,Spa,Rooftop Amenities,,Accor,Discover breathtaking sea views and luxurious amenities in Batumi's stunning skyline.,"Overlooking the Black Sea, this luxurious residence boasts expansive terraces, private beach access, and unparalleled sunset views."
25hours Heimat,https://accor-residences.com/property/25hours-heimat-dubai-uae/,"Sheikh Zayed Road, Downtown Dubai, Dubai, 487952, United Arab Emirates",1300000,1733,680000,2720000,750,338,2026,under construction,high,yes,yes,99,Dubai,UAE,"Spa / Wellness Area, Fitness Room / Gym, Panoramic Views, Private Balcony / Terrace, Residents’ Lounge, Chef’s Kitchen, Private Elevator, Infinity Pool, Home Office","On-site Restaurant/Café, Security Staff, Gated Community, Gym, Concierge Services, Parking Space/Garage, Housekeeping Services, Spa, Business Center, Shared Lounges, Event Spaces/Banquet Halls, Rooftop Amenities, Art Gallery/Exhibition Space",Co-working Spaces,Spa,Rooftop Amenities,Art Gallery/Exhibition Space,,Accor,A vibrant fusion of eclectic design and local culture ignites unforgettable stays.,"This vibrant residence boasts breathtaking skyline views, an immersive cultural experience, and unique amenities like a rooftop garden and art installations."
Mama Shelter Residences,https://mama-residences.ae/,"25th Street, Al Quoz 1, Dubai, 487952, United Arab Emirates",1000000,1429,600000,2000000,700,150,2026,under construction,high,yes,yes,96,Dubai,UAE,"Spa / Wellness Area, Fitness Room / Gym, Panoramic Views, Private Balcony / Terrace, Residents’ Lounge, Chef’s Kitchen, Private Elevator, Infinity Pool, Home Office","On-site Restaurant/Café, Security Staff, Gated Community, Gym, Concierge Services, Parking Space/Garage, Housekeeping Services, Spa, Business Center, Shared Lounges, Event Spaces/Banquet Halls, Rooftop Amenities, Art Gallery/Exhibition Space",Co-working Spaces,Rooftop Amenities,Art Gallery/Exhibition Space,Concierge Services,,Accor,Discover vibrant urban living with stunning skyline views and artistic flair.,"Offering breathtaking skyline views and vibrant communal spaces, this residence redefines luxury living with its eclectic design and engaging social atmosphere."
SLS Punta del Este Residences,https://accor-residences.com/property/sls-punta-del-este-residences-uruguay/,"Avenida Pedragosa Sierra, Punta del Este, Maldonado, 20100, Uruguay",1500000,1000,800000,3000000,1500,180,2025,under construction,high,yes,yes,95,Punta del Este,Uruguay,"Private Pool, Spa / Wellness Area, Fitness Room / Gym, Panoramic Views, Private Balcony / Terrace, Residents’ Lounge, Chef’s Kitchen, Private Elevator, Infinity Pool, Beachfront Villas, Home Office","On-site Restaurant/Café, Security Staff, Gated Community, Gym, Concierge Services, Parking Space/Garage, Private Beach Access, Housekeeping Services, Spa, Business Center, Shared Lounges, Event Spaces/Banquet Halls, Rooftop Amenities, Kids' Play Area",,Private Beach Access,Spa,Rooftop Amenities,,Accor,Discover breathtaking ocean views and luxurious living in Uruguay's coastal paradise.,"Offering breathtaking ocean views and direct beach access, these residences feature luxurious amenities and unparalleled service in a vibrant coastal setting."
SO/ Uptown Dubai Residences,https://accor-residences.com/property/so-uptown-dubai-residences-uae/,"1 Sheikh Zayed Road, Uptown Dubai, Dubai, 487952, United Arab Emirates",1600000,1600,680000,3260000,1000,227,2023,completed,high,yes,yes,99,Dubai,UAE,"Private Pool, Spa / Wellness Area, Fitness Room / Gym, Panoramic Views, Private Balcony / Terrace, Residents’ Lounge, Chef’s Kitchen, Private Elevator, Infinity Pool, Home Office","On-site Restaurant/Café, Security Staff, Gated Community, Gym, Concierge Services, Parking Space/Garage, Housekeeping Services, Spa, Business Center, Shared Lounges, Event Spaces/Banquet Halls, Rooftop Amenities, Cinema/Screening Room, Cold Storage/Package Rooms",24-Hour Butler Service,Concierge Services,Business Center,Spa,,Accor,Elevate your lifestyle with breathtaking panoramic views from sky-high luxury residences.,SO/Uptown Dubai Residences boasts stunning panoramic views of the skyline and offers unparalleled access to vibrant urban lifestyle amenities.
Movenpick Residences,https://accor-residences.com/property/movenpick-residences-teuta-kotor-bay/,"Palih Boraca 19b, Risan, Kotor Bay, 85337, Montenegro",650000,1083,350000,1500000,600,66,2025,under construction,high,yes,yes,95,Kotor,Montenegro,"Private Pool, Spa / Wellness Area, Fitness Room / Gym, Panoramic Views, Private Balcony / Terrace, Residents’ Lounge, Chef’s Kitchen, Private Elevator, Infinity Pool, Beachfront Villas","On-site Restaurant/Café, Security Staff, Gated Community, Gym, Concierge Services, Parking Space/Garage, Private Beach Access, Housekeeping Services, Spa, Business Center, Shared Lounges, Event Spaces/Banquet Halls, Kids' Play Area, Marina/Yacht Club",,Private Beach Access,Spa,Marina/Yacht Club,,Accor,Bask in breathtaking views of the Adriatic while enjoying luxurious waterfront living.,"Overlooking the stunning Kotor Bay, these residences offer unparalleled panoramic views and exclusive access to private beach facilities."
"Fairmont Heritage Place, The Cedars",https://accor-residences.com/property/fairmont-heritage-place-the-cedars/,"Fairmont Heritage Place, The Cedars  
1000 East Main Street, Hendersonville, TN, 37075, United States",1500000,750,1000000,2500000,2000,127,2025,under construction,high,yes,yes,98,Hendersonville,United States,"Spa / Wellness Area, Fitness Room / Gym, Panoramic Views, Private Balcony / Terrace, Residents’ Lounge, Chef’s Kitchen, Home Office, Private Garage, Outdoor Kitchen / BBQ Area","On-site Restaurant/Café, Security Staff, Gated Community, Gym, Concierge Services, Parking Space/Garage, Housekeeping Services, Shared Lounges, Event Spaces/Banquet Halls, Green Spaces/Parks, Pet-Friendly Facilities",,Concierge Services,Green Spaces/Parks,On-site Restaurant/Café,,Accor,Own a timeless mountain retreat blending modern luxury with historic charm.,"Overlooking the serene waters of Lake Hartwell, this residence boasts unparalleled privacy, stunning views, and luxury amenities."
Fairmont Residences,https://accor-residences.com/property/fairmont-residences-phoenix/,"6500 E. Camelback Rd, Scottsdale, AZ 85251, United States.",,,,,,,2008,completed,high,,,,Scottsdale,United States,,,,,,,,Accor,Immerse in unparalleled desert luxury with breathtaking panoramic views and exclusive amenities.,"Offering breathtaking views of the Phoenix skyline and exclusive rooftop amenities, this residence redefines luxury living in the heart of the city."
Sofitel Residences,https://accor-residences.com/property/sofitel-residences-baru/,"Sofitel Residences Barú, Colombia  
Kilómetro 6, Vía Barú, Barú, Cartagena, Bolívar, 130017, Colombia",1200000,800,800000,2000000,1500,150,2025,under construction,high,yes,yes,96,Bolívar,Colombia,"Private Pool, Spa / Wellness Area, Fitness Room / Gym, Panoramic Views, Private Balcony / Terrace, Private Cabanas, Beach Club, Beachfront Villas, Residents’ Lounge","On-site Restaurant/Café, Security Staff, Gated Community, Gym, Concierge Services, Parking Space/Garage, Private Beach Access, Housekeeping Services, Spa, Kids' Play Area, Biking/Running Trails, Event Spaces/Banquet Halls",,Private Beach Access,Spa,On-site Restaurant/Café,,Accor,Immerse yourself in luxurious beachfront living with breathtaking ocean views and lush gardens.,"Overlooking pristine beaches, these residences boast private infinity pools, gourmet dining, and unparalleled access to untouched nature."
Mayaliah Tulum Residences by MGallery,https://accor-residences.com/property/mayaliah-tulum-residences-by-mgallery/,"Aldea Zamá, Tulum, Quintana Roo, 77760, Mexico",600000,1200,350000,1000000,500,95,2025,under construction,high,yes,yes,95,Tulum,Mexico,"Private Pool, Spa / Wellness Area, Fitness Room / Gym, Panoramic Views, Private Balcony / Terrace, Residents’ Lounge, Chef’s Kitchen, Outdoor Kitchen / BBQ Area, Infinity Pool, Home Office, Residents' Exclusive Lounge","On-site Restaurant/Café, Security Staff, Gated Community, Gym, Concierge Services, Parking Space/Garage, Housekeeping Services, Spa, Shared Lounges, Rooftop Amenities, Green Spaces/Parks","Pool Oasis, Pool Bar, Rooftop Bar, Co-working Space, 24/7 Security, Ethical Mall",Private Beach Access,Spa,Rooftop Amenities,,Accor,Immerse yourself in serene jungle luxury with private cenotes and rooftop sanctuaries.,"Offering breathtaking ocean views and direct access to pristine beaches, these residences feature luxurious amenities and sustainable design."
Pullman Residences,https://accor-residences.com/property/pullman-residences-newton-singapore/,"18 Dunearn Road, Newton, Singapore, 309421, Singapore",2800000,2800,1800000,4500000,1000,340,2023,completed,high,yes,yes,99,Singapore,Singapore,"Spa / Wellness Area, Fitness Room / Gym, Panoramic Views, Private Balcony / Terrace, Residents’ Lounge, Chef’s Kitchen, Private Elevator, Infinity Pool, Home Office","On-site Restaurant/Café, Security Staff, Gated Community, Gym, Concierge Services, Parking Space/Garage, Housekeeping Services, Spa, Shared Lounges, Event Spaces/Banquet Halls, Rooftop Amenities, Kids' Play Area, Cold Storage/Package Rooms, Tennis Courts","Aqua Gym, 24-Hour Butler Service, Jacuzzi, Dining Pavilion",Concierge Services,Spa,Rooftop Amenities,,Accor,Elevate your lifestyle with unparalleled luxury and panoramic city skyline views.,"Offering breathtaking panoramic views of lush greenery and a private rooftop infinity pool, this residence redefines urban luxury living."
Fairmont Residences,https://accor-residences.com/property/fairmont-residences-royal-palm-marrakech-morocco/,"Domaine Royal Palm, Km 12, Route d’Amizmiz, Marrakech, 40000, Morocco",1500000,750,1000000,2500000,2000,81,2013,completed,high,yes,yes,99,Marrakech,Morrocco,"Private Pool, Spa / Wellness Area, Fitness Room / Gym, Panoramic Views, Private Balcony / Terrace, Residents’ Lounge, Chef’s Kitchen, Private Elevator, Outdoor Kitchen / BBQ Area, Home Office, Private Garage","On-site Restaurant/Café, Security Staff, Gated Community, Gym, Concierge Services, Parking Space/Garage, Housekeeping Services, Spa, Business Center, Shared Lounges, Event Spaces/Banquet Halls, Golf Course Access, Green Spaces/Parks, Tennis Courts, Kids' Play Area",,Golf Course Access,Business Center,Spa,,Accor,Discover serene luxury with breathtaking views of the Atlas Mountains and lush gardens.,"Offering breathtaking views of the Atlas Mountains, these residences feature private gardens and direct access to luxury amenities."
MGallery Residences at Theatron,https://accor-residences.com/property/theatron-hotel-residences-by-mgallery/,"8 HaGai Street, Nahlaot, Jerusalem, 9432108, Israel",1000000,1429,750000,1500000,700,70,2025,under construction,high,yes,yes,98,Jerusalem,Israel,"Spa / Wellness Area, Fitness Room / Gym, Panoramic Views, Private Balcony / Terrace, Residents’ Lounge, Chef’s Kitchen, Private Elevator, Home Office","On-site Restaurant/Café, Security Staff, Gated Community, Gym, Concierge Services, Parking Space/Garage, Housekeeping Services, Spa, Business Center, Shared Lounges, Event Spaces/Banquet Halls, Rooftop Amenities, Art Gallery/Exhibition Space",,Rooftop Amenities,Event Spaces/Banquet Halls,Art Gallery/Exhibition Space,,Accor,Immerse in timeless luxury with private residences overlooking Jerusalem’s iconic skyline.,"Offering breathtaking views of the Old City and luxurious amenities, this residence redefines urban living in Jerusalem."
"Fairmont Residences, Century Plaza",https://accor-residences.com/property/fairmont-residences-century-plaza-los-angeles-United States/,"2025 Avenue of the Stars, Century City, Los Angeles, CA, 90067, United States",,,,,1750,63,2021,completed,high,yes,yes,99,Los Angeles,United States,"Spa / Wellness Area, Fitness Room / Gym, Panoramic Views, Private Balcony / Terrace, Residents’ Lounge, Chef’s Kitchen, Private Elevator, Infinity Pool, Home Office, Butler’s Pantry / Service Kitchen","On-site Restaurant/Café, Security Staff, Gated Community, Gym, Concierge Services, Parking Space/Garage, Housekeeping Services, Spa, Business Center, Shared Lounges, Event Spaces/Banquet Halls, Rooftop Amenities, Cinema/Screening Room, Pet-Friendly Facilities, Cold Storage/Package Rooms",24-Hour Butler Service,Rooftop Amenities,Business Center,Spa,,Accor,"Elevate your lifestyle with sweeping panoramic views and luxurious, modern elegance.","Offering breathtaking panoramic views of the Hollywood Hills and downtown skyline, this residence features unparalleled luxury amenities and personalized services."
Fairmont Residences,https://accor-residences.com/property/fairmont-residences-la-marina-rabat-sale-morocco/,"Avenue de Fès, La Marina, Salé, 11000, Morocco",1200000,800,800000,2000000,1500,100,2023,completed,high,yes,yes,98,Sale,Morocco,"Private Pool, Spa / Wellness Area, Fitness Room / Gym, Panoramic Views, Private Balcony / Terrace, Residents’ Lounge, Chef’s Kitchen, Private Elevator, Infinity Pool, Home Office","On-site Restaurant/Café, Security Staff, Gated Community, Gym, Concierge Services, Parking Space/Garage, Housekeeping Services, Spa, Business Center, Shared Lounges, Event Spaces/Banquet Halls, Rooftop Amenities, Pet-Friendly Facilities, Cold Storage/Package Rooms",,Concierge Services,Spa,Rooftop Amenities,,Accor,Discover luxurious living amidst stunning mountain vistas and vibrant Moroccan culture.,"Overlooking the stunning coastline, these residences boast expansive terraces, private pools, and unparalleled access to pristine beaches and lush gardens."