residence_name,website_url,address,avg_price_per_unit,avg_price_per_sqft,budget_start_range,budget_end_range,floor_area_sqft,no_of_units,build_year,development_status,rental_potential,pet_friendly,accessible,confidence score,city,country,feature_names,amenity_names,other_amenities,highlighted_amenity1,highlighted_amenity2,highlighted_amenity3,ameneties_count,associated_brand,brief_subtitle,brief_description
Six Senses Residences,https://www.sixsenses.com/en/residences/london/,"Six Senses Residences London, 18-19 Broome Street, London, W1S 3HX, United Kingdom.",3800000,2375,1900000,7500000,1600,14,2025,under construction,high,yes,yes,92,London,UK,Panoramic Views Private Elevator Fitness Room / Gym Chef’s Kitchen Home Office Spa / Wellness Area Private Balcony / Terrace Residents’ Lounge,On-site Restaurant/Café Security Staff Gated Community Concierge Services Parking Space/Garage Rooftop Amenities Housekeeping Services Spa Gym Valet Parking Wellness Programs Shared Lounges Business Center Event Spaces/Banquet Halls Cinema/Screening Room,,Spa,Concierge Services,Rooftop Amenities,,Six Senses,Indulge in luxurious living with breathtaking views of the Thames River.,"Offering breathtaking views of the Thames and unparalleled wellness amenities, this residence redefines luxury living in London."
Sofitel Residences,https://accor-residences.com/property/sofitel-residences-baru/,"Calle 1, Isla Barú, Barú, Cartagena, Bolívar, 130017, Colombia",1200000,400,750000,2000000,3000,36,2022,completed,high,yes,yes,95,Cartagena,Colombia,"Private Pool, Spa / Wellness Area, Fitness Room / Gym, Panoramic Views, Private Balcony / Terrace, Private Cabanas, Beach Club, Beachfront Villas, Residents’ Lounge","On-site Restaurant/Café, Security Staff, Gated Community, Gym, Concierge Services, Parking Space/Garage, Private Beach Access, Housekeeping Services, Spa, Kids' Play Area, Biking/Running Trails, Event Spaces/Banquet Halls",,Private Beach Access,On-site Restaurant/Café,Spa,,Sofitel,A serene paradise blending lush tropical beauty with ultra-luxurious beachfront living.,"Overlooking pristine beaches and lush landscapes, these residences boast private infinity pools and direct access to untouched nature."
Soneva Fushi Private Residences,https://soneva.com/explore/soneva-villa-ownership/private-residences/,"Kunfunadhoo Island, Baa Atoll, 06190, Maldives",4500000,900,2000000,10000000,5000,20,1995,completed,high,yes,no,94,Baa Atoll,Maldives,"Private Pool, Wine Cellar / Wine Room, Home Theater, Private Elevator, Spa / Wellness Area, Private Garage, Game Room / Entertainment Area, Home Office, Chef’s Kitchen, Outdoor Kitchen / BBQ Area, Fitness Room / Gym, Panoramic Views, Private Balcony / Terrace, Beachfront Villas, Residents’ Lounge","On-site Restaurant/Café, Security Staff, Gated Community, Gym, Concierge Services, Parking Space/Garage, Private Beach Access, Housekeeping Services, Spa, Tennis Courts, Kids' Play Area, Biking/Running Trails, Event Spaces/Banquet Halls, Green Spaces/Parks, Cinema/Screening Room, Sports Facilities",,Private Beach Access,Spa,Cinema/Screening Room,,Soneva,Immerse in unparalleled luxury with eco-friendly villas featuring personal marine sanctuaries.,"Set amidst pristine beaches and lush greenery, these exclusive residences boast breathtaking ocean views and unparalleled privacy."
Soneva Jani Private Residences,https://soneva.com/explore/soneva-villa-ownership/private-residences/,"Medhufaru Island, Noonu Atoll, 06220, Maldives",6000000,1200,3000000,15000000,5000,25,2016,completed,high,yes,no,93,Noonu Atoll,Maldives,"Private Pool, Wine Cellar / Wine Room, Home Theater, Spa / Wellness Area, Game Room / Entertainment Area, Home Office, Chef’s Kitchen, Outdoor Kitchen / BBQ Area, Fitness Room / Gym, Panoramic Views, Private Balcony / Terrace, Beachfront Villas, Residents’ Lounge","On-site Restaurant/Café, Security Staff, Gated Community, Gym, Concierge Services, Private Beach Access, Housekeeping Services, Spa, Kids' Play Area, Biking/Running Trails, Event Spaces/Banquet Halls, Green Spaces/Parks, Cinema/Screening Room, Sports Facilities",,Private Beach Access,Spa,On-site Restaurant/Café,,Soneva,Discover unparalleled luxury with stunning overwater villas featuring private infinity pools and slides.,"These stunning private residences boast unparalleled lagoon views, infinity pools, and direct access to pristine, unspoiled beaches."
The Residences at The St. Regi,https://www.theresidenceclub.com/st-regis-aspen-residence-club.html,"315 E Dean St, Aspen, CO 81611, USA",5000000,2500,3000000,10000000,2000,25,2004,completed,high,yes,yes,95,Aspen,United States,"Spa / Wellness Area, Fitness Room / Gym, Chef’s Kitchen, Panoramic Views, Private Balcony / Terrace, Residents’ Lounge","On-site Restaurant/Café, Security Staff, Gated Community, Gym, Concierge Services, Parking Space/Garage, Housekeeping Services, Spa, Pet-Friendly Facilities",,Spa,Concierge Services,On-site Restaurant/Café,,St. Regis,Indulge in unrivaled alpine luxury with private ski-in/ski-out access.,"Offering breathtaking panoramic mountain views and direct access to world-class skiing, this residence features luxurious amenities and personalized services."
The Residences at The St. Regis Bahia Mar,https://relatedgroup.com/properties/the-st-regis-residences-bahia-mar/,"2500 E Las Olas Blvd, Fort Lauderdale, FL 33301, United States",2800000,1400,1500000,5000000,2000,60,2027,planned,high,yes,yes,88,Fort Lauderdale,United States,"Private Pool, Spa / Wellness Area, Fitness Room / Gym, Panoramic Views, Private Balcony / Terrace, Private Cabanas, Beach Club, Beachfront Villas, Residents’ Lounge","On-site Restaurant/Café, Security Staff, Gated Community, Gym, Concierge Services, Parking Space/Garage, Marina/Yacht Club, Private Beach Access, Housekeeping Services, Spa, Green Spaces/Parks",,Private Beach Access,Marina/Yacht Club,Spa,,St. Regis,Indulge in unparalleled luxury with breathtaking oceanfront views and bespoke amenities.,"Offering breathtaking ocean views and direct beach access, this residence features luxurious amenities and unparalleled privacy in a prime location."
The St. Regis Residences,https://srresidenceshouston.com/,"1919 Briar Oaks Lane, Houston, TX 77027, USA",3500000,1750,2000000,6000000,2000,95,2027,under construction,medium,yes,yes,91,Houston,United States,"Spa / Wellness Area, Fitness Room / Gym, Panoramic Views, Private Balcony / Terrace, Residents’ Lounge","On-site Restaurant/Café, Security Staff, Gated Community, Gym, Concierge Services, Parking Space/Garage, Housekeeping Services, Spa, Pet-Friendly Facilities",,Concierge Services,Spa,On-site Restaurant/Café,,St. Regis,Indulge in luxurious living with stunning skyline views and unparalleled amenities.,"Offering breathtaking skyline views and unparalleled access to Houston's vibrant arts district, this residence features luxurious amenities and bespoke services."
"The St. Regis Residences, Casares",https://srrcostadelsol.com/,"Urbanización Finca Cortesin, Casares, Málaga, 29690, Spain",4200000,1615,2700000,6500000,2600,75,2026,under construction,high,yes,yes,90,Costa del Sol,Spain,"Private Pool, Spa / Wellness Area, Fitness Room / Gym, Panoramic Views, Private Balcony / Terrace, Residents’ Lounge, Chef’s Kitchen, Private Garage","On-site Restaurant/Café, Security Staff, Gated Community, Gym, Concierge Services, Parking Space/Garage, Golf Course Access, Housekeeping Services, Spa, Tennis Courts, Green Spaces/Parks",,Golf Course Access,Spa,Concierge Services,,St. Regis,Embrace unparalleled Mediterranean luxury with private beach access and world-class golf.,"Offering breathtaking Mediterranean views and private access to a pristine beach, this residence redefines luxury living on the Costa del Sol."
The Residences at The St. Regis Kanai Resort,https://marriottresidences.com/luxury_brand/st-regis-residences/?utm_source=residences-referral,"Paseo Kanai 15, Solidaridad, Playa del Carmen, Quintana Roo, 77730, Mexico",3000000,1500,1800000,5000000,2000,32,2023,completed,high,yes,yes,94,Playa del Carmen,Mexico,"Private Pool, Spa / Wellness Area, Fitness Room / Gym, Panoramic Views, Private Balcony / Terrace, Private Cabanas, Beach Club, Beachfront Villas, Residents’ Lounge","On-site Restaurant/Café, Security Staff, Gated Community, Gym, Concierge Services, Parking Space/Garage, Private Beach Access, Housekeeping Services, Spa, Kids' Play Area, Event Spaces/Banquet Halls",,Private Beach Access,Spa,On-site Restaurant/Café,,St. Regis,Discover oceanfront luxury with breathtaking views and exclusive private beach access.,"Overlooking the stunning Caribbean coastline, these residences boast expansive terraces, private plunge pools, and unparalleled access to pristine beaches."
The Residences at The St. Regis Turks & Caicos Resort,https://srresidencestci.com/,"1 W Grace Bay Rd, Providenciales, TKCA 1ZZ, Turks and Caicos Islands",6500000,2000,3500000,12000000,3250,62,2027,planned,high,yes,yes,89,Providenciales,Turks and Caicos Islands,"Private Pool, Spa / Wellness Area, Fitness Room / Gym, Panoramic Views, Private Balcony / Terrace, Private Cabanas, Beach Club, Beachfront Villas, Residents’ Lounge","On-site Restaurant/Café, Security Staff, Gated Community, Gym, Concierge Services, Parking Space/Garage, Private Beach Access, Housekeeping Services, Spa, Kids' Play Area, Green Spaces/Parks",,Private Beach Access,Spa,Concierge Services,,St. Regis,Indulge in luxurious beachfront living with breathtaking ocean views and exquisite amenities.,"Offering breathtaking ocean views and private access to pristine beaches, this residence features luxurious amenities and unparalleled exclusivity."
The Residences at The St. Regis,https://www.srresidencescairo.com/,"1191 Nile Corniche, Garden City, Cairo, Cairo Governorate, 11519, Egypt",2500000,1250,1200000,6000000,2000,90,2021,completed,high,yes,yes,93,Cairo,Egypt,"Spa / Wellness Area, Fitness Room / Gym, Panoramic Views, Private Balcony / Terrace, Residents’ Lounge, Chef’s Kitchen, Home Office","On-site Restaurant/Café, Security Staff, Gated Community, Gym, Concierge Services, Parking Space/Garage, Housekeeping Services, Spa, Kids' Play Area, Event Spaces/Banquet Halls, Shared Lounges",,Spa,Concierge Services,On-site Restaurant/Café,,St. Regis,Elevate your lifestyle with opulent riverfront living and breathtaking Nile views.,"Offering breathtaking Nile views, this luxurious residence features bespoke interiors, world-class amenities, and unparalleled access to cultural landmarks."
The Residences at The St. Regis Costa Mujeres Resort,https://srrcostamujeres.com/en/,"Boulevard Costa Mujeres, Quintana Roo, 77400, Mexico",3800000,1520,2000000,7000000,2500,50,2026,under construction,high,yes,yes,89,Costa Mujeres,Mexico,"Private Pool, Spa / Wellness Area, Fitness Room / Gym, Panoramic Views, Private Balcony / Terrace, Private Cabanas, Beach Club, Beachfront Villas, Residents’ Lounge","On-site Restaurant/Café, Security Staff, Gated Community, Gym, Concierge Services, Parking Space/Garage, Private Beach Access, Housekeeping Services, Spa, Kids' Play Area, Green Spaces/Parks",,Private Beach Access,Spa,On-site Restaurant/Café,,St. Regis,Discover unparalleled luxury with breathtaking ocean views and exclusive private beach access.,"Overlooking the Caribbean Sea, these luxurious residences feature expansive terraces, private plunge pools, and unparalleled access to pristine beaches."
"No. 1 Palace Street, The St. Regis Residences",https://numberonepalacestreet.com/,"1 Palace Street, London, SW1E 5BX, United Kingdom",6000000,3000,3500000,12000000,2000,72,2023,completed,medium,yes,yes,95,London,UK,"Spa / Wellness Area, Fitness Room / Gym, Panoramic Views, Private Balcony / Terrace, Residents’ Lounge, Chef’s Kitchen, Home Office, Private Garage","On-site Restaurant/Café, Security Staff, Gated Community, Gym, Concierge Services, Parking Space/Garage, Housekeeping Services, Spa, Shared Lounges, Event Spaces/Banquet Halls",,Concierge Services,Spa,On-site Restaurant/Café,,St. Regis,Elevate your lifestyle in a historic landmark with stunning panoramic views.,"Offering breathtaking views of Buckingham Palace and exquisite interiors, this residence features unparalleled luxury and exclusive amenities."
The St. Regis Residences,https://www.srresidencessunnyislesbeach.com/,"18801 Collins Avenue, Sunny Isles Beach, FL 33160, United States",7000000,2500,4000000,15000000,2800,194,2027,under construction,high,yes,yes,92,Sunny Isles Beach,United States,"Private Pool, Spa / Wellness Area, Fitness Room / Gym, Panoramic Views, Private Balcony / Terrace, Private Cabanas, Beach Club, Beachfront Villas, Residents’ Lounge, Chef’s Kitchen, Private Elevator","On-site Restaurant/Café, Security Staff, Gated Community, Gym, Concierge Services, Parking Space/Garage, Private Beach Access, Housekeeping Services, Spa, Business Center, Pet-Friendly Facilities",Beach Bar & Grill,Private Beach Access,Spa,On-site Restaurant/Café,,St. Regis,"Rising above pristine shores, this architectural masterpiece redefines oceanfront luxury living.","These luxurious residences boast stunning ocean views, private beach access, and unparalleled amenities, redefining coastal living in style."
The St. Regis Residences,https://miamisrr.com/,"2850 Reverend Dr. Martin Luther King Jr. Blvd, Miami, FL 33137, United States",4500000,2250,2500000,8000000,2000,152,2026,planned,medium,yes,yes,88,Miami,United States,"Spa / Wellness Area, Fitness Room / Gym, Panoramic Views, Private Balcony / Terrace, Residents’ Lounge, Chef’s Kitchen, Private Elevator","On-site Restaurant/Café, Security Staff, Gated Community, Gym, Concierge Services, Parking Space/Garage, Housekeeping Services, Spa, Business Center, Pet-Friendly Facilities",,Concierge Services,spa,On-site Restaurant/Café,,St. Regis,Elevate your lifestyle with unparalleled ocean views and bespoke luxury living spaces.,"Offering sweeping waterfront views and private yacht access, this residence redefines luxury living with unparalleled amenities and exquisite design."
The Residences at The St. Regis,https://srresidenceschicago.com/,"181 W. Adams Street, Chicago, IL 60603, USA",3000000,2000,949000,18500000,1500,393,2023,completed,medium,yes,yes,96,Chicago,United States,"Spa / Wellness Area, Fitness Room / Gym, Panoramic Views, Private Balcony / Terrace, Residents’ Lounge, Chef’s Kitchen, Home Office, Private Elevator","On-site Restaurant/Café, Security Staff, Gated Community, Gym, Concierge Services, Parking Space/Garage, Housekeeping Services, Spa, Business Center, Shared Lounges, Cold Storage/Package Rooms",,Concierge Services,Spa,On-site Restaurant/Café,,St. Regis,Elevate your lifestyle with breathtaking skyline views and unparalleled luxury amenities.,"Offering breathtaking skyline views and unparalleled access to luxury amenities, this residence redefines urban living with sophistication and style."
The Residences at The St. Regis,https://srresidencesloscabos.com/,"Paseo de los Cabos, San José del Cabo, B.C.S., 23400, Mexico",6000000,1500,3000000,12000000,4000,74,2025,under construction,high,yes,yes,91,Los Cabos,Mexico,"Private Pool, Spa / Wellness Area, Fitness Room / Gym, Panoramic Views, Private Balcony / Terrace, Private Cabanas, Beach Club, Beachfront Villas, Residents’ Lounge, Chef’s Kitchen, Private Elevator","On-site Restaurant/Café, Security Staff, Gated Community, Gym, Concierge Services, Parking Space/Garage, Private Beach Access, Golf Course Access, Housekeeping Services, Spa, Kids' Play Area, Green Spaces/Parks, Biking/Running Trails",,Private Beach Access,Golf Course Access,Spa,,St. Regis,"Where desert meets sea, luxurious beachfront villas redefine coastal elegance and serenity.","Offering breathtaking ocean views and unparalleled access to pristine beaches, this residence boasts exclusive amenities and luxurious design."
The Residences at The St. Regis Al Mouj Muscat Resort,https://srresidencesalmouj.com/,"Al Mouj, Muscat, 130, Oman",2800000,1400,1500000,5000000,2000,89,2025,under construction,high,yes,yes,90,Muscat,Oman,"Private Pool, Spa / Wellness Area, Fitness Room / Gym, Panoramic Views, Private Balcony / Terrace, Beach Club, Beachfront Villas, Residents’ Lounge, Chef’s Kitchen","On-site Restaurant/Café, Security Staff, Gated Community, Gym, Concierge Services, Parking Space/Garage, Private Beach Access, Housekeeping Services, Spa, Kids' Play Area, Green Spaces/Parks, Marina/Yacht Club",,Private Beach Access,Spa,Marina/Yacht Club,,St. Regis,Indulge in unparalleled luxury with breathtaking ocean views and exquisite private amenities.,"Overlooking the azure Gulf, this luxurious residence features private beach access and bespoke amenities, ensuring an unparalleled coastal lifestyle."
The St. Regis Residences,https://www.srresidencesboston.com/,"150 Seaport Blvd, Boston, MA 02210, United States",5500000,3055,2000000,25000000,1800,114,2024,completed,medium,yes,yes,96,Boston,United States,"Spa / Wellness Area, Fitness Room / Gym, Panoramic Views, Private Balcony / Terrace, Residents’ Lounge, Chef’s Kitchen, Home Office, Private Elevator, Wine Cellar / Wine Room","On-site Restaurant/Café, Security Staff, Gated Community, Gym, Concierge Services, Parking Space/Garage, Housekeeping Services, Spa, Business Center, Shared Lounges, Cold Storage/Package Rooms, Sports Facilities, Cinema/Screening Room",,Concierge Services,Spa,On-site Restaurant/Café,,St. Regis,"Overlooking Boston Harbor, these waterfront residences redefine luxury with breathtaking views.","This luxurious residence boasts stunning waterfront views, personalized concierge services, and direct access to Boston's vibrant cultural scene."
The Residences at The St. Regis,https://www.stregisklresidences.com/,"6 Jalan St. Regis, Kuala Lumpur, 50450, Malaysia",2500000,1250,1800000,4000000,2000,160,2018,completed,high,yes,yes,94,Kuala Lumpur,Malaysia,"Spa / Wellness Area, Fitness Room / Gym, Panoramic Views, Private Balcony / Terrace, Residents’ Lounge, Chef’s Kitchen, Home Office, Private Elevator","On-site Restaurant/Café, Security Staff, Gated Community, Gym, Concierge Services, Parking Space/Garage, Housekeeping Services, Spa, Business Center, Shared Lounges, Event Spaces/Banquet Halls",,Concierge Services,Spa,On-site Restaurant/Café,,St. Regis,Discover unparalleled luxury with breathtaking skyline views from your private oasis.,"Offering breathtaking skyline views and luxurious amenities, this residence features private rooftop gardens and unparalleled access to vibrant city life."
The Residences at The St. Regis,https://marriottresidences.com/luxury_brand/st-regis-residences/?utm_source=residences-referral,"Saryarka Avenue 3, Astana, 010000, Kazakhstan",1800000,900,1000000,3500000,2000,40,2017,completed,medium,yes,yes,92,Astana,Kazakhstan,"Spa / Wellness Area, Fitness Room / Gym, Panoramic Views, Private Balcony / Terrace, Residents’ Lounge, Chef’s Kitchen, Home Office, Private Elevator","On-site Restaurant/Café, Security Staff, Gated Community, Gym, Concierge Services, Parking Space/Garage, Housekeeping Services, Spa, Business Center, Shared Lounges, Event Spaces/Banquet Halls, Green Spaces/Parks",,Concierge Services,Spa,On-site Restaurant/Café,,St. Regis,Luxurious living harmonizes with stunning city skyline views in an architectural masterpiece.,"Offering breathtaking views of the city skyline and the nearby river, this residence features unparalleled luxury amenities and personalized services."
The Residences at The St. Regis,https://www.88westpacesferry.com/,"88 West Paces Ferry Road NW, Atlanta, GA 30305, United States",4000000,1600,2500000,7000000,2500,53,2009,completed,medium,yes,yes,95,Atlanta,United States,"Private Pool, Spa / Wellness Area, Fitness Room / Gym, Panoramic Views, Private Balcony / Terrace, Residents’ Lounge, Chef’s Kitchen, Home Office, Private Elevator, Private Garage, Wine Cellar / Wine Room","On-site Restaurant/Café, Security Staff, Gated Community, Gym, Concierge Services, Parking Space/Garage, Housekeeping Services, Spa, Business Center, Shared Lounges, Event Spaces/Banquet Halls","Pool Piazza, Outdoor Fireplace, Billiards Room",Concierge Services,Spa,On-site Restaurant/Café,,St. Regis,Elevated living meets timeless elegance with private sky pools and panoramic views.,"Offering breathtaking skyline views and unparalleled access to luxury amenities, this residence redefines sophisticated urban living in Atlanta."
The Residences at The St. Regis,https://eaglehillsjordan.com/the-residences-at-the-st-regis-amman/,"5th Circle, Shafiq Al-Hayek Street, Abdoun, Amman, 11181, Jordan",2200000,1100,1500000,4000000,2000,79,2018,completed,high,yes,yes,95,Amman,Jordan,"Spa / Wellness Area, Fitness Room / Gym, Panoramic Views, Private Balcony / Terrace, Residents’ Lounge, Chef’s Kitchen, Home Office, Private Elevator, Private Pool","On-site Restaurant/Café, Security Staff, Gated Community, Gym, Concierge Services, Parking Space/Garage, Housekeeping Services, Spa, Business Center, Shared Lounges, Event Spaces/Banquet Halls, Kids' Play Area, Cinema/Screening Room, Shopping Center/Retail Stores",Indoor and Outdoor Pools,Concierge Services,Spa,Shopping Center/Retail Stores,,St. Regis,Elevate your lifestyle with unparalleled luxury and panoramic city views.,"The Residences in Amman boast breathtaking panoramic views of the city and the surrounding hills, complemented by unparalleled luxury amenities and personalized services."
The Residences at The St. Regis Bahia Beach Resort,https://www.bahiabeachpuertorico.com/residences,"State Road 187, Km 4.2, Río Grande, PR 00745, Puerto Rico",5500000,1375,3000000,10000000,4000,65,2010,completed,high,yes,yes,94,Río Grande,Puerto Rico,"Private Pool, Spa / Wellness Area, Fitness Room / Gym, Panoramic Views, Private Balcony / Terrace, Private Cabanas, Beach Club, Beachfront Villas, Residents’ Lounge, Chef’s Kitchen, Outdoor Kitchen / BBQ Area, Private Garage","On-site Restaurant/Café, Security Staff, Gated Community, Gym, Concierge Services, Parking Space/Garage, Private Beach Access, Golf Course Access, Housekeeping Services, Spa, Tennis Courts, Kids' Play Area, Green Spaces/Parks, Biking/Running Trails",,Private Beach Access,Golf Course Access,Spa,,St. Regis,Discover breathtaking oceanfront living amidst lush tropical landscapes and world-class amenities.,"Offering breathtaking ocean views and direct access to a private beach, these residences feature luxurious amenities and unparalleled tranquility."
The Residences at The St. Regis,https://www.belgradewaterfront.com/en/properties/the-residences-at-the-st-regis-belgrade/,"2a Bulevar Kralja Aleksandra, Belgrade, 11000, Serbia",3500000,1750,2000000,7000000,2000,220,2024,completed,high,yes,yes,96,Belgrade,Serbia,"Spa / Wellness Area, Fitness Room / Gym, Panoramic Views, Private Balcony / Terrace, Residents’ Lounge, Chef’s Kitchen, Home Office, Private Elevator, Wine Cellar / Wine Room","On-site Restaurant/Café, Security Staff, Gated Community, Gym, Concierge Services, Parking Space/Garage, Housekeeping Services, Spa, Business Center, Shared Lounges","Indoor Pool, Observation Deck",Concierge Services,Spa,Business Center,,St. Regis,"Elevated above the city, these opulent residences redefine riverside luxury living.","Offering breathtaking views of the Sava River and a prime location near cultural landmarks, this residence boasts unparalleled luxury amenities and bespoke services."
The Residences at The St. Regis,https://www.thestregisbermudaresidences.com/,"1 A Long Bay, St. George's, DD03, Bermuda",3500000,1750,2000000,6000000,2000,30,2021,completed,high,yes,yes,94,St. George's,Bermuda,"Private Pool, Spa / Wellness Area, Fitness Room / Gym, Panoramic Views, Private Balcony / Terrace, Private Cabanas, Beach Club, Beachfront Villas, Residents’ Lounge, Chef’s Kitchen, Private Elevator","On-site Restaurant/Café, Security Staff, Gated Community, Gym, Concierge Services, Parking Space/Garage, Private Beach Access, Golf Course Access, Housekeeping Services, Spa, Kids' Play Area, Event Spaces/Banquet Halls, Green Spaces/Parks",,Private Beach Access,Golf Course Access,Spa,,St. Regis,Immerse in unparalleled oceanfront luxury with private infinity pools and panoramic views.,"Overlooking stunning turquoise waters, these residences boast expansive private terraces, personalized concierge services, and unparalleled access to pristine beaches."
"The Residences at The St. Regis Marsa Arabia Island, The Pearl Qatar",https://marsaarabiaisland.com/,"Marsa Arabia Island, The Pearl, Doha, 24966, Qatar",4000000,1600,2500000,7500000,2500,83,2025,under construction,high,yes,yes,92,Doha,Qatar,"Private Pool, Spa / Wellness Area, Fitness Room / Gym, Panoramic Views, Private Balcony / Terrace, Private Cabanas, Beach Club, Beachfront Villas, Residents’ Lounge, Chef’s Kitchen, Private Elevator, Outdoor Kitchen / BBQ Area","On-site Restaurant/Café, Security Staff, Gated Community, Gym, Concierge Services, Parking Space/Garage, Private Beach Access, Housekeeping Services, Spa, Kids' Play Area, Green Spaces/Parks, Marina/Yacht Club",,Private Beach Access,Marina/Yacht Club,Spa,,St. Regis,Indulge in luxurious waterfront living with breathtaking panoramic views and private beach access.,"Offering breathtaking views of the Arabian Gulf and exclusive access to private beaches, this residence redefines luxury living."
The Residences at The St. Regis,https://www.rajawaliplace.com/theresidences,"Jl. Kebon Sirih No. 7, Menteng, Jakarta Pusat, Jakarta 10340, Indonesia",5000000,2000,3000000,10000000,2500,164,2023,completed,high,yes,yes,95,Jakarta,Indonesia,"Spa / Wellness Area, Fitness Room / Gym, Panoramic Views, Private Balcony / Terrace, Residents’ Lounge, Chef’s Kitchen, Home Office, Private Elevator, Wine Cellar / Wine Room, Private Garage, Game Room / Entertainment Area","On-site Restaurant/Café, Security Staff, Gated Community, Gym, Concierge Services, Parking Space/Garage, Housekeeping Services, Spa, Business Center, Shared Lounges, Event Spaces/Banquet Halls, Cinema/Screening Room, Wine Tasting Room, Green Spaces/Parks",Sculpture Garden,Concierge Services,Spa,Wine Tasting Room,,St. Regis,Indulge in opulent urban living with panoramic skyline views and bespoke elegance.,"The Residences in Jakarta boast stunning panoramic city views, exceptional amenities, and unparalleled access to luxury shopping and dining experiences."
The Residences at The St. Regis Deer Valley,https://srdvresidences.com/,"2300 Deer Valley Drive East, Park City, UT 84060, United States",6000000,2400,3500000,12000000,2500,67,2009,completed,high,yes,yes,95,Park City,United States,"Spa / Wellness Area, Fitness Room / Gym, Panoramic Views, Private Balcony / Terrace, Residents’ Lounge, Chef’s Kitchen, Private Elevator, Wine Cellar / Wine Room, Infinity Pool, Home Office","On-site Restaurant/Café, Security Staff, Gated Community, Gym, Concierge Services, Parking Space/Garage, Housekeeping Services, Spa, Business Center, Shared Lounges, Event Spaces/Banquet Halls","Ski-in/Ski-out Access, Ski Valet Service, Deer Crest Club Membership",Concierge Services,Spa,Event Spaces/Banquet Halls,,St. Regis,Indulge in unparalleled mountain luxury with breathtaking alpine views and bespoke amenities.,"Boasting breathtaking mountain vistas and direct ski-in/ski-out access, these residences offer unparalleled luxury and exclusive amenities."
The Residences at The St. Regis Cap Cana,https://srresidencescapcana.com/luxury-capa-cana-real-estate-marriott-residences/,"Cap Cana, Juanillo, Punta Cana, La Altagracia, 23000, Dominican Republic",4500000,1500,2500000,8000000,3000,70,2026,under construction,high,yes,yes,90,Punta Cana,Dominican Republic,"Private Pool, Spa / Wellness Area, Fitness Room / Gym, Panoramic Views, Private Balcony / Terrace, Private Cabanas, Beach Club, Beachfront Villas, Residents’ Lounge, Chef’s Kitchen, Private Elevator, Outdoor Kitchen / BBQ Area","On-site Restaurant/Café, Security Staff, Gated Community, Gym, Concierge Services, Parking Space/Garage, Private Beach Access, Golf Course Access, Housekeeping Services, Spa, Kids' Play Area, Green Spaces/Parks, Marina/Yacht Club, Sports Facilities",,Private Beach Access,Golf Course Access,Spa,,St. Regis,Indulge in luxurious beachfront living with breathtaking ocean views and exclusive amenities.,"Offering breathtaking ocean views, these luxurious residences feature private pools and direct beach access, ensuring unparalleled exclusivity."
"The St. Regis Residences, Financial Center Road",https://www.srresidencesdubai.com/?utm_source=marriott&utm_medium=website,"Financial Center Road, Downtown Dubai, Dubai, 416573, United Arab Emirates",5000000,2500,3000000,10000000,2000,53,2025,under construction,high,yes,yes,92,Dubai,UAE,"Spa / Wellness Area, Fitness Room / Gym, Panoramic Views, Private Balcony / Terrace, Residents’ Lounge, Chef’s Kitchen, Home Office, Private Elevator, Private Pool, Infinity Pool","On-site Restaurant/Café, Security Staff, Gated Community, Gym, Concierge Services, Parking Space/Garage, Housekeeping Services, Spa, Business Center, Shared Lounges, Event Spaces/Banquet Halls, Kids' Play Area, Cinema/Screening Room",,Concierge Services,Spa,On-site Restaurant/Café,,St. Regis,Elevate your lifestyle with opulent waterfront living and breathtaking skyline views.,"The St. Regis Residences offer breathtaking panoramic views of the Arabian Gulf and Burj Khalifa, complemented by unparalleled luxury amenities."
The St. Regis Residences,https://www.cdlhomes.com.sg/stregisresidences/,"29 Tanglin Road, Singapore, 247911, Singapore",6000000,2400,4000000,10000000,2500,173,2008,completed,high,yes,yes,95,Singapore,Singapore,"Spa / Wellness Area, Fitness Room / Gym, Panoramic Views, Private Balcony / Terrace, Residents’ Lounge, Chef’s Kitchen, Private Elevator, Private Pool, Home Office, Outdoor Kitchen / BBQ Area","On-site Restaurant/Café, Security Staff, Gated Community, Gym, Concierge Services, Parking Space/Garage, Housekeeping Services, Spa, Business Center, Shared Lounges, Tennis Courts, Kids' Play Area, Event Spaces/Banquet Halls, Green Spaces/Parks",24-Hour Butler Service,Concierge Services,Spa,Tennis Courts,,St. Regis,Elevate your lifestyle with opulent city views from your private sky sanctuary.,"Offering breathtaking views of Marina Bay, this residence features bespoke interiors and unparalleled access to luxurious amenities."
"The St. Regis Residences, Rye",https://marriottresidences.com/luxury_brand/st-regis-residences/?utm_source=residences-referral,"1180 King Street, Rye, NY 10580, USA",3500000,1750,2000000,6000000,2000,92,2025,under construction,medium,yes,yes,95,New York,United States,"Spa / Wellness Area, Fitness Room / Gym, Panoramic Views, Private Balcony / Terrace, Residents’ Lounge, Chef’s Kitchen, Private Elevator, Home Office, Private Garage","On-site Restaurant/Café, Security Staff, Gated Community, Gym, Concierge Services, Parking Space/Garage, Housekeeping Services, Spa, Shared Lounges, Event Spaces/Banquet Halls, Green Spaces/Parks",,Concierge Services,Spa,On-site Restaurant/Café,,St. Regis,Discover luxurious waterfront living with breathtaking views and unparalleled private amenities.,"Offering breathtaking views of Long Island Sound, this residence features private beach access and luxurious amenities for an unparalleled lifestyle."
The Residences at The St. Regis,https://marriottresidences.com/luxury_brand/st-regis-residences/?utm_source=residences-referral,"700 Biscayne Blvd, Miami, FL 33132, USA",4000000,2000,2500000,7500000,2000,100,2026,planned,high,yes,yes,89,Miami,United States,"Spa / Wellness Area, Fitness Room / Gym, Panoramic Views, Private Balcony / Terrace, Residents’ Lounge, Chef’s Kitchen, Private Elevator, Private Pool, Infinity Pool, Home Office, Butler’s Pantry / Service Kitchen, Wine Cellar / Wine Room","On-site Restaurant/Café, Security Staff, Gated Community, Gym, Concierge Services, Parking Space/Garage, Housekeeping Services, Spa, Business Center, Shared Lounges, Event Spaces/Banquet Halls, Kids' Play Area, Cold Storage/Package Rooms, Pet-Friendly Facilities","Sky Bar, Tea Room, Private Dining Rooms, Golf Simulator, Pickleball Court",Concierge Services,Spa,Event Spaces/Banquet Halls,,St. Regis,"Rising along the sparkling coastline, this masterpiece offers unmatched private sky pools.","Offering breathtaking waterfront views and unparalleled access to vibrant cultural hotspots, this residence boasts luxurious amenities and bespoke services."
The Residences at The St. Regis Longboat Key Resort,https://marriottresidences.com/luxury_brand/st-regis-residences/?utm_source=residences-referral,"160 W. Bay Drive, Longboat Key, FL 34228, United States",5000000,2000,3000000,10000000,2500,69,2024,completed,high,yes,yes,94,Longboat Key,United States,"Private Pool, Spa / Wellness Area, Fitness Room / Gym, Panoramic Views, Private Balcony / Terrace, Private Cabanas, Beach Club, Beachfront Villas, Residents’ Lounge, Chef’s Kitchen, Private Elevator, Infinity Pool, Outdoor Kitchen / BBQ Area, Home Office","On-site Restaurant/Café, Security Staff, Gated Community, Gym, Concierge Services, Parking Space/Garage, Housekeeping Services, Spa, Business Center, Shared Lounges, Tennis Courts, Kids' Play Area, Event Spaces/Banquet Halls, Green Spaces/Parks",24-Hour Butler Service,Concierge Services,Spa, Business Center,,St. Regis,Discover unparalleled coastal elegance with breathtaking Gulf views and world-class amenities.,"Offering breathtaking Gulf views and private beach access, this luxurious residence features expansive outdoor terraces and world-class amenities."
The Residences at The St. Regis,https://marriottresidences.com/luxury_brand/st-regis-residences/?utm_source=residences-referral,"2 East 55th Street at Fifth Avenue, New York, NY 10022, USA",15000000,5000,5000000,50000000,3000,20,1904,completed,medium,yes,yes,95,New York,United States,"Spa / Wellness Area, Fitness Room / Gym, Panoramic Views, Private Balcony / Terrace, Residents’ Lounge, Chef’s Kitchen, Private Elevator, Home Office, Butler’s Pantry / Service Kitchen, Wine Cellar / Wine Room","On-site Restaurant/Café, Security Staff, Gated Community, Gym, Concierge Services, Parking Space/Garage, Housekeeping Services, Spa, Business Center, Shared Lounges, Event Spaces/Banquet Halls, Pet-Friendly Facilities, Cold Storage/Package Rooms",,Concierge Services,Spa,On-site Restaurant/Café,,St. Regis,Indulge in unparalleled luxury with breathtaking skyline views from your private terrace.,"Offering breathtaking skyline views and unparalleled access to Central Park, this luxury residence features bespoke services and exceptional amenities."
The Residences at The St. Regis,https://marriottresidences.com/luxury_brand/st-regis-residences/?utm_source=residences-referral,"125 3rd St, San Francisco, CA 94103, USA",7000000,3500,4000000,15000000,2000,102,2005,completed,medium,yes,yes,96,San Francisco,United States,"Spa / Wellness Area, Fitness Room / Gym, Panoramic Views, Private Balcony / Terrace, Residents’ Lounge, Chef’s Kitchen, Private Elevator, Home Office, Wine Cellar / Wine Room, Butler’s Pantry / Service Kitchen","On-site Restaurant/Café, Security Staff, Gated Community, Gym, Concierge Services, Parking Space/Garage, Housekeeping Services, Spa, Business Center, Shared Lounges, Event Spaces/Banquet Halls, Pet-Friendly Facilities, Cold Storage/Package Rooms, Art Gallery/Exhibition Space",,Concierge Services,Spa,Art Gallery/Exhibition Space,,St. Regis,Elevate your lifestyle with unparalleled skyline views and bespoke luxury living spaces.,"Offering breathtaking panoramic views of the Bay and unmatched luxury amenities, this residence redefines urban living in San Francisco."
The Residences at The St. Regis,https://marriottresidences.com/luxury_brand/st-regis-residences/?utm_source=residences-referral,"325 Bay Street, Toronto, ON M5H 4G3, Canada",4000000,2000,2500000,7000000,2000,118,2018,completed,high,yes,yes,95,Toronto,Canada,"Spa / Wellness Area, Fitness Room / Gym, Panoramic Views, Private Balcony / Terrace, Residents’ Lounge, Chef’s Kitchen, Private Elevator, Home Office, Butler’s Pantry / Service Kitchen, Wine Cellar / Wine Room, Infinity Pool","On-site Restaurant/Café, Security Staff, Gated Community, Gym, Concierge Services, Parking Space/Garage, Housekeeping Services, Spa, Business Center, Shared Lounges, Event Spaces/Banquet Halls, Pet-Friendly Facilities, Cold Storage/Package Rooms","24-Hour Butler Service, Indoor Pool",Concierge Services,Spa,Business Center,,St. Regis,Elevate your lifestyle with breathtaking skyline views and unrivaled luxury amenities.,"Overlooking Lake Ontario, this luxury residence boasts expansive terraces, bespoke interiors, and unparalleled access to vibrant urban culture."
"The St. Regis Residences, Downtown",https://marriottresidences.com/luxury_brand/st-regis-residences/?utm_source=residences-referral,"The St. Regis Residences, Downtown Dubai, UAE.",5000000,2500,3000000,10000000,2000,53,2025,under construction,high,yes,yes,85,Dubai,UAE,"Spa / Wellness Area, Fitness Room / Gym, Panoramic Views, Private Balcony / Terrace, Residents’ Lounge, Chef’s Kitchen, Private Elevator, Private Pool, Infinity Pool, Home Office","On-site Restaurant/Café, Security Staff, Gated Community, Gym, Concierge Services, Parking Space/Garage, Housekeeping Services, Spa, Business Center, Shared Lounges, Event Spaces/Banquet Halls, Kids' Play Area, Cinema/Screening Room",24-Hour Butler Service,Concierge Services,Spa,Event Spaces/Banquet Halls,,St. Regis,Discover unparalleled luxury with stunning skyline views and exquisite bespoke living spaces.,"Situated in the heart of Downtown Dubai, this residence boasts breathtaking skyline views and unparalleled access to iconic attractions."
The Residences at The St. Regis,https://marriottresidences.com/luxury_brand/st-regis-residences/?utm_source=residences-referral,"The Residences at The St. Regis Bangkok, 159 Rajadamri Road, Lumpini, Pathumwan, Bangkok 10330, Thailand.",3000000,1500,2000000,5000000,2000,53,2010,completed,high,yes,yes,94,Bangkok,Thailand,"Spa / Wellness Area, Fitness Room / Gym, Panoramic Views, Private Balcony / Terrace, Residents’ Lounge, Chef’s Kitchen, Private Elevator, Home Office, Butler’s Pantry / Service Kitchen, Wine Cellar / Wine Room, Infinity Pool","On-site Restaurant/Café, Security Staff, Gated Community, Gym, Concierge Services, Parking Space/Garage, Housekeeping Services, Spa, Business Center, Shared Lounges, Event Spaces/Banquet Halls, Pet-Friendly Facilities, Cold Storage/Package Rooms",24-Hour Butler Service,Spa,Event Spaces/Banquet Halls,Concierge Services,,St. Regis,Elevate your lifestyle with panoramic city views and bespoke butler service perfection.,"Offering breathtaking views of the Chao Phraya River, this residence features private rooftop gardens and personalized concierge services."
The Residences at The St. Regis,https://marriottresidences.com/luxury_brand/st-regis-residences/?utm_source=residences-referral,"Shuhe Old Town, Gucheng District, Lijiang, Yunnan, 674100, China",1500000,750,1000000,3000000,2000,36,2017,completed,high,yes,yes,90,Lijiang,China,"Private Pool, Spa / Wellness Area, Fitness Room / Gym, Panoramic Views, Private Balcony / Terrace, Residents’ Lounge, Chef’s Kitchen, Private Elevator, Home Office, Outdoor Kitchen / BBQ Area, Private Garage","On-site Restaurant/Café, Security Staff, Gated Community, Gym, Concierge Services, Parking Space/Garage, Housekeeping Services, Spa, Business Center, Shared Lounges, Event Spaces/Banquet Halls, Kids' Play Area, Green Spaces/Parks, Biking/Running Trails",,Spa,Concierge Services,Green Spaces/Parks,,St. Regis,Embrace unparalleled luxury with breathtaking views of Jade Dragon Snow Mountain.,"Overlooking the stunning Jade Dragon Snow Mountain, this residence boasts private terraces and unparalleled access to Lijiang's cultural treasures."
The Residences at The St. Regis,https://marriottresidences.com/luxury_brand/st-regis-residences/?utm_source=residences-referral,"Paseo de la Reforma 439, Colonia Cuauhtémoc, Mexico City, 06500, Mexico",6000000,2000,3500000,10000000,3000,33,2008,completed,high,yes,yes,95,Mexico City,Mexico,"Spa / Wellness Area, Fitness Room / Gym, Panoramic Views, Private Balcony / Terrace, Residents’ Lounge, Chef’s Kitchen, Private Elevator, Home Office, Butler’s Pantry / Service Kitchen, Wine Cellar / Wine Room","On-site Restaurant/Café, Security Staff, Gated Community, Gym, Concierge Services, Parking Space/Garage, Housekeeping Services, Spa, Business Center, Shared Lounges, Event Spaces/Banquet Halls, Pet-Friendly Facilities, Cold Storage/Package Rooms",Indoor Pool,On-site Restaurant/Café,Spa,Concierge Services,,St. Regis,"Indulge in breathtaking skyline views from your luxurious, private rooftop oasis.","Boasting breathtaking skyline views and unparalleled access to cultural landmarks, this residence offers luxurious living with exclusive amenities."
Sky View Hotel and Residences,https://www.tajhotels.com/en-in/about-us,"1st Avenue, Ashok Nagar, Chennai, Tamil Nadu, 600083, India",1200000,600,800000,2000000,2000,50,2025,under construction,medium,yes,yes,88,Tamil Nadu,India,"Spa / Wellness Area, Fitness Room / Gym, Panoramic Views, Private Balcony / Terrace, Residents’ Lounge, Chef’s Kitchen, Private Elevator, Home Office, Infinity Pool","On-site Restaurant/Café, Security Staff, Gated Community, Gym, Concierge Services, Parking Space/Garage, Housekeeping Services, Spa, Business Center, Shared Lounges, Event Spaces/Banquet Halls, Rooftop Amenities, Cold Storage/Package Rooms, Pet-Friendly Facilities",Sky Deck,Rooftop Amenities,Spa,Concierge Services,,Taj,Elevate your lifestyle with panoramic city views and ultra-luxurious rooftop amenities.,Sky View Hotel and Residences in Chennai boasts breathtaking panoramic vistas of the Bay of Bengal and luxurious amenities.
Residence 2105,https://chediresidences-andermatt.com/wp-content/uploads/2024/07/240704-TC-sales-particular-2105_ENG.pdf,"Gotthardstrasse 4, Andermatt, Uri, 6490, Switzerland",3178560,3258,3178560,3178560,976,1,2024,completed,high,yes,yes,98,Andermatt,Switzerland,"Spa / Wellness Area, Fitness Room / Gym, Panoramic Views, Private Balcony / Terrace, Residents’ Lounge, Chef’s Kitchen, Home Office, Private Garage","On-site Restaurant/Café, Security Staff, Gated Community, Gym, Concierge Services, Parking Space/Garage, Housekeeping Services, Spa, Shared Lounges, Green Spaces/Parks, Biking/Running Trails, Cold Storage/Package Rooms","Ski-in/Ski-out Access, Ski Storage",On-site Restaurant/Café,Green Spaces/Parks,Spa,,The Chedi,Discover unparalleled luxury with panoramic alpine views from your private spa oasis.,"Residence 2105 boasts breathtaking panoramic views of the Swiss Alps, complemented by a private terrace and luxurious amenities."
The Residences at Langham Place,https://www.langhamresidences.com/en/the-langham/guangzhou/,"1 8th Avenue, Zhujiang New Town, Tianhe District, Guangzhou, Guangdong, 510623, China",2000000,1000,1500000,3500000,2000,57,2013,completed,high,yes,yes,92,Guangzhou,China,"Spa / Wellness Area, Fitness Room / Gym, Panoramic Views, Private Balcony / Terrace, Residents’ Lounge, Chef’s Kitchen, Home Office, Private Elevator, Infinity Pool","On-site Restaurant/Café, Security Staff, Gated Community, Gym, Concierge Services, Parking Space/Garage, Housekeeping Services, Spa, Business Center, Shared Lounges, Event Spaces/Banquet Halls, Rooftop Amenities, Kids' Play Area, Green Spaces/Parks","Indoor Pool, Miniature Golf, 24-Hour Butler Service",Rooftop Amenities,Business Center,Spa,,The Langham,"Elevated above Guangzhou’s skyline, this haven offers unparalleled luxury with panoramic city views.","Offering stunning panoramic views of the Pearl River, this residence features unparalleled luxury amenities and direct access to vibrant cultural landmarks."
The Langham Residences,https://www.langhamresidences.com/en/find-a-residence/destination-listing/,"Jl. Jend. Sudirman No. 1, Kebon Melati, Tanah Abang, Jakarta Pusat, Jakarta, 10220, Indonesia",4000000,1600,2500000,6500000,2500,65,2021,completed,high,yes,yes,93,Jakarta,Indonesia,"Spa / Wellness Area, Fitness Room / Gym, Panoramic Views, Private Balcony / Terrace, Residents’ Lounge, Chef’s Kitchen, Private Elevator, Home Office, Infinity Pool, Private Pool","On-site Restaurant/Café, Security Staff, Gated Community, Gym, Concierge Services, Parking Space/Garage, Housekeeping Services, Spa, Business Center, Shared Lounges, Event Spaces/Banquet Halls, Rooftop Amenities","Indoor Pool, Outdoor Pool, Sauna, Rooftop Bar, 24-Hour Butler Service",Rooftop Amenities,On-site Restaurant/Café,Spa,,The Langham,Elevate your lifestyle with breathtaking skyline views and unparalleled luxury amenities.,"Offering breathtaking views of the city skyline and a private rooftop infinity pool, this residence redefines luxury living."
The Residences at Langham Place,https://www.langhamresidences.com/en/the-langham/ningbo/,"2109 East Zhongshan Road, Yinzhou District, Ningbo, Zhejiang, 315040, China",1800000,900,1200000,3000000,2000,60,2015,completed,high,no,yes,95,Ningbo,China,"Spa / Wellness Area, Fitness Room / Gym, Panoramic Views, Private Balcony / Terrace, Residents’ Lounge, Chef’s Kitchen, Home Office, Private Elevator","On-site Restaurant/Café, Security Staff, Gated Community, Gym, Concierge Services, Parking Space/Garage, Housekeeping Services, Spa, Business Center, Shared Lounges, Event Spaces/Banquet Halls, Green Spaces/Parks",24-Hour Butler Service,Concierge Services,Spa,On-site Restaurant/Café,,The Langham,Breathtaking waterfront views seamlessly blend luxury living with vibrant urban sophistication.,"Overlooking the picturesque Yinzhou Park, these residences boast expansive balconies and bespoke interiors, ensuring an unparalleled living experience."
Residences at Langham,https://www.langhamhotels.com/en/the-langham/shenzhen/stay/,"7888 Shennan Boulevard, Futian District, Shenzhen, Guangdong, 518040, China",2500000,1250,1800000,4000000,2000,50,2013,completed,high,yes,yes,95,Guangdong,China,"Spa / Wellness Area, Fitness Room / Gym, Panoramic Views, Private Balcony / Terrace, Residents’ Lounge, Chef’s Kitchen, Private Elevator, Home Office, Infinity Pool","On-site Restaurant/Café, Security Staff, Gated Community, Gym, Concierge Services, Parking Space/Garage, Housekeeping Services, Spa, Business Center, Shared Lounges, Event Spaces/Banquet Halls, Indoor Pool, Art Gallery/Exhibition Space",24-Hour Butler Service,Concierge Services,Spa,Art Gallery/Exhibition Space,,The Langham,"Soaring above Shenzhen, these luxury residences redefine elegance with panoramic skyline views.","Offering breathtaking panoramic views of the city skyline and a private rooftop garden, this residence redefines luxury living in Shenzhen."
Residences at Langham,https://www.langhamresidences.com/en/the-langham/london/,"1c Portland Place, Regent Street, London, W1B 1JA, United Kingdom",7000000,3500,4000000,12000000,2000,15,1865,completed,medium,yes,yes,94,London,UK,"Spa / Wellness Area, Fitness Room / Gym, Panoramic Views, Private Balcony / Terrace, Residents’ Lounge, Chef’s Kitchen, Private Elevator, Home Office, Butler’s Pantry / Service Kitchen","On-site Restaurant/Café, Security Staff, Gated Community, Gym, Concierge Services, Parking Space/Garage, Housekeeping Services, Spa, Business Center, Shared Lounges, Event Spaces/Banquet Halls, Cinema/Screening Room","24-Hour Butler Service, Indoor Pool",Concierge Services,Spa,Cinema/Screening Room,,The Langham,Indulge in unparalleled luxury with breathtaking skyline views from every residence.,"Offering breathtaking views of the River Thames, these residences feature bespoke interiors and access to world-class amenities."
"Residences at Langham, Fifth Ave",https://www.langhamhotels.com/en/the-langham/new-york/stay/,"400 Fifth Avenue, New York, NY 10018, USA",4500000,3000,2500000,10000000,1500,60,2010,completed,high,yes,yes,96,New York,United States,"Spa / Wellness Area, Fitness Room / Gym, Panoramic Views, Private Balcony / Terrace, Residents’ Lounge, Chef’s Kitchen, Private Elevator, Home Office, Butler’s Pantry / Service Kitchen, Wine Cellar / Wine Room","On-site Restaurant/Café, Security Staff, Gated Community, Gym, Concierge Services, Parking Space/Garage, Housekeeping Services, Spa, Business Center, Shared Lounges, Event Spaces/Banquet Halls, Pet-Friendly Facilities, Art Gallery/Exhibition Space",24-Hour Butler Service,Concierge Services,Spa,Art Gallery/Exhibition Space,,The Langham,Indulge in luxurious living with breathtaking skyline views and unparalleled amenities.,"Boasting panoramic skyline views and bespoke interiors, this residence offers unparalleled luxury and personalized services in a prime Manhattan location."
Residences at Langham,https://www.langhamresidences.com/en/the-langham/melbourne/,"1 Southgate Avenue, Southbank, VIC 3006, Australia",2000000,1600,1200000,3500000,1250,40,1996,completed,high,yes,yes,94,Melbourne,Australia,"Spa / Wellness Area, Fitness Room / Gym, Panoramic Views, Private Balcony / Terrace, Residents’ Lounge, Chef’s Kitchen, Private Elevator, Infinity Pool, Home Office","On-site Restaurant/Café, Security Staff, Gated Community, Gym, Concierge Services, Parking Space/Garage, Housekeeping Services, Spa, Business Center, Shared Lounges, Event Spaces/Banquet Halls, Pet-Friendly Facilities","Indoor Pool, 24-Hour Butler Service",On-site Restaurant/Café,Business Center,Event Spaces/Banquet Halls,,The Langham,"Soaring above the city, these opulent residences redefine luxury with unrivaled panoramic views.","The Residences at Langham offer breathtaking panoramic views of the Yarra River and exclusive access to unparalleled luxury amenities, creating an extraordinary urban living experience."
Viceroy Residences at Ombria Algarve,https://www.ombria.com/en/real-estate/viceroy-residences/,"Rua da Igreja, Loulé, Algarve, 8135-029, Portugal",1600000,1600,1000000,2500000,1000,65,2024,completed,high,yes,yes,93,Algarve,Portugal,"Private Pool, Spa / Wellness Area, Fitness Room / Gym, Panoramic Views, Private Balcony / Terrace, Residents’ Lounge, Chef’s Kitchen, Private Elevator, Outdoor Kitchen / BBQ Area, Private Garage","On-site Restaurant/Café, Security Staff, Gated Community, Gym, Concierge Services, Parking Space/Garage, Housekeeping Services, Spa, Golf Course Access, Green Spaces/Parks, Biking/Running Trails, Kids' Play Area, Event Spaces/Banquet Halls",,Golf Course Access,Green Spaces/Parks,Spa,,Viceroy,Embrace unparalleled luxury in Algarve's eco-friendly sanctuary amid stunning natural landscapes.,"Overlooking lush valleys and the serene countryside, these residences feature private gardens and direct access to pristine nature trails."
Viceroy Residences,https://viceroyfortlauderdale.com,"1 Viceroy Drive, Fort Lauderdale, FL 33304, United States",3500000,1750,2000000,6000000,2000,370,2029,planned,high,yes,yes,92,Fort Lauderdale,United States,"Private Pool, Spa / Wellness Area, Fitness Room / Gym, Panoramic Views, Private Balcony / Terrace, Residents’ Lounge, Chef’s Kitchen, Private Elevator, Infinity Pool, Home Office","On-site Restaurant/Café, Security Staff, Gated Community, Gym, Concierge Services, Parking Space/Garage, Housekeeping Services, Spa, Business Center, Shared Lounges, Event Spaces/Banquet Halls, Pet-Friendly Facilities, Cold Storage/Package Rooms, Marina/Yacht Club, Rooftop Amenities",,Marina/Yacht Club,Business Center,Rooftop Amenities,,Viceroy,Indulge in luxurious waterfront living with stunning sunset views and private docks.,"Overlooking the Intracoastal Waterway, these residences boast expansive terraces, private boat docks, and unparalleled luxury amenities for a vibrant lifestyle."
"Viceroy Brickell, The Residences",https://viceroybrickellresidences.com,"77 SE 5th Street, Miami, FL 33131, USA",1200000,1500,671900,3000000,800,498,2026,under construction,high,yes,yes,97,Miami,United States,"Spa / Wellness Area, Fitness Room / Gym, Panoramic Views, Private Balcony / Terrace, Residents’ Lounge, Chef’s Kitchen, Private Elevator, Infinity Pool, Home Office","On-site Restaurant/Café, Security Staff, Gated Community, Gym, Concierge Services, Parking Space/Garage, Housekeeping Services, Spa, Business Center, Shared Lounges, Event Spaces/Banquet Halls, Cinema/Screening Room, Wine Tasting Room, Sports Facilities, Cold Storage/Package Rooms","Outdoor Pool, Bocce Court",Sports Facilities,Cinema/Screening Room,Wine Tasting Room,,Viceroy,Elevated luxury meets vibrant cityscapes with panoramic rooftop pools and skyline views.,"Offering breathtaking skyline and bay views, this residence boasts exclusive access to a rooftop pool and luxurious amenities."
Viceroy Residences,https://viceroycwb.com,"3400 Gulf Blvd, Clearwater Beach, FL 33767, United States",2500000,1600,1500000,5000000,1563,100,2027,planned,high,yes,yes,93,Clearwater Beach,United States,"Private Pool, Spa / Wellness Area, Fitness Room / Gym, Panoramic Views, Private Balcony / Terrace, Residents’ Lounge, Chef’s Kitchen, Private Elevator, Infinity Pool, Beachfront Villas, Home Office","On-site Restaurant/Café, Security Staff, Gated Community, Gym, Concierge Services, Parking Space/Garage, Private Beach Access, Housekeeping Services, Spa, Business Center, Shared Lounges, Event Spaces/Banquet Halls, Rooftop Amenities, Pet-Friendly Facilities, Cold Storage/Package Rooms",,Private Beach Access,Rooftop Amenities,Spa,,Viceroy,Immerse yourself in unparalleled luxury with panoramic ocean views from every suite.,"Offering stunning panoramic views of the Gulf, these residences feature private rooftop terraces and direct beach access, ensuring unparalleled luxury."
"Cirque Residences, X Viceroy",https://cirqueviceroy.com,"130 Wood Road, Snowmass Village, CO 81615, United States",5000000,2500,3000000,8000000,2000,48,2024,completed,high,yes,yes,96,Snowmass Village,United States,"Spa / Wellness Area, Fitness Room / Gym, Panoramic Views, Private Balcony / Terrace, Residents’ Lounge, Chef’s Kitchen, Private Elevator, Home Office","On-site Restaurant/Café, Security Staff, Gated Community, Gym, Concierge Services, Parking Space/Garage, Housekeeping Services, Spa, Shared Lounges, Event Spaces/Banquet Halls, Kids' Play Area, Rooftop Amenities","Ski-in/Ski-out Access, Ski Valet Service, Hot Tubs",Rooftop Amenities,On-site Restaurant/Café,Spa,,Viceroy,Elevate your lifestyle in luxurious residences with breathtaking mountain views and unrivaled amenities.,"Offering breathtaking mountain views and direct ski access, this residence boasts unparalleled luxury with exclusive amenities and personalized services."
"Viceroy Los Cabos, San José del Cabo",https://viceroyresidencesloscabos.com,"Paseo Malecón San José 7, Zona Hotelera, San José del Cabo, B.C.S., 23400, Mexico",6500000,1625,3000000,12000000,4000,21,2018,completed,high,yes,yes,97,Los Cabos,Mexico,"Private Pool, Spa / Wellness Area, Fitness Room / Gym, Panoramic Views, Private Balcony / Terrace, Residents’ Lounge, Chef’s Kitchen, Private Elevator, Infinity Pool, Outdoor Kitchen / BBQ Area, Home Office, Beachfront Villas","On-site Restaurant/Café, Security Staff, Gated Community, Gym, Concierge Services, Parking Space/Garage, Private Beach Access, Housekeeping Services, Spa, Business Center, Shared Lounges, Event Spaces/Banquet Halls, Kids' Play Area, Rooftop Amenities, Cinema/Screening Room, Sports Facilities, Cold Storage/Package Room",,Private Beach Access,Spa,Rooftop Amenities,,Viceroy,A futuristic oasis of sleek architecture meets serene oceanfront beauty and tranquility.,"Overlooking the stunning Sea of Cortez, this luxurious residence boasts unparalleled ocean views and exclusive access to private beachfront."
"Sugar Beach, A Viceroy Resort",https://www.viceroyhotelsandresorts.com/residences/sugar-beach,"Val des Pitons, Soufrière, CP 1234, St. Lucia",7000000,1750,4000000,12000000,4000,18,2012,completed,high,yes,yes,95,Soufrière,St. Lucia,"Private Pool, Spa / Wellness Area, Fitness Room / Gym, Panoramic Views, Private Balcony / Terrace, Private Cabanas, Beach Club, Beachfront Villas, Residents’ Lounge, Chef’s Kitchen, Outdoor Kitchen / BBQ Area","On-site Restaurant/Café, Security Staff, Gated Community, Gym, Concierge Services, Parking Space/Garage, Private Beach Access, Housekeeping Services, Spa, Tennis Courts, Kids' Play Area, Green Spaces/Parks, Biking/Running Trails, Event Spaces/Banquet Halls, Sports Facilities",,Private Beach Access,Spa,Tennis Courts,,Viceroy,Indulge in breathtaking Caribbean vistas from your luxurious beachfront villa sanctuary.,"Set against the stunning backdrop of the Pitons, this resort offers private beachfront access and luxurious, spacious villas with breathtaking ocean views."
W Residences,https://www.wresidences.com/residence/the-residences-at-w-algarve/,"Estrada da Galé, Sesmarias, Albufeira, Faro, 8200-416, Portugal",1200000,1200,865000,2500000,1000,83,2022,completed,high,yes,yes,97,Albufeira,Portugal,"Private Pool, Spa / Wellness Area, Fitness Room / Gym, Panoramic Views, Private Balcony / Terrace, Residents’ Lounge, Chef’s Kitchen, Private Elevator, Infinity Pool, Outdoor Kitchen / BBQ Area, Home Office","On-site Restaurant/Café, Security Staff, Gated Community, Gym, Concierge Services, Parking Space/Garage, Private Beach Access, Housekeeping Services, Spa, Business Center, Shared Lounges, Event Spaces/Banquet Halls, Kids' Play Area, Green Spaces/Parks, Biking/Running Trails, Sports Facilities",,Private Beach Access,Spa,Business Center,,W,Luxuriate in stunning ocean views and vibrant nightlife just steps from your door.,"Offering breathtaking ocean views and direct access to pristine beaches, this residence features luxurious amenities and unparalleled privacy."
The Sky Residences,https://www.wresidences.com/residence/the-residences-at-w-aspen/,"150 E Durant Ave, Aspen, CO 81611, USA",6000000,3000,4000000,10000000,2000,11,2019,completed,high,yes,yes,94,Aspen,United States,"Spa / Wellness Area, Fitness Room / Gym, Panoramic Views, Private Balcony / Terrace, Residents’ Lounge, Chef’s Kitchen, Private Elevator, Home Office, Roof Deck / Patio","On-site Restaurant/Café, Security Staff, Gated Community, Gym, Concierge Services, Parking Space/Garage, Housekeeping Services, Spa, Business Center, Shared Lounges, Event Spaces/Banquet Halls, Rooftop Amenities, Pet-Friendly Facilities, Cold Storage/Package Rooms","Ski-in/Ski-out Access, Ski Valet Service",On-site Restaurant/Café,Rooftop Amenities,Concierge Services,,W,Elevated alpine living with ski-in/ski-out access and breathtaking panoramic mountain views.,"The Sky Residences boast breathtaking panoramic mountain views, private ski-in/ski-out access, and luxurious amenities that redefine alpine living."
The Residences,https://www.wresidences.com/residence/the-residences-at-w-bali-seminyak/,"Jl. Petitenget, Kerobokan Kelod, Kuta Utara, Badung, Bali, 80361, Indonesia",3500000,1750,2000000,6000000,2000,79,2011,completed,high,yes,yes,96,Seminyak,Indonesia,"Private Pool, Spa / Wellness Area, Fitness Room / Gym, Panoramic Views, Private Balcony / Terrace, Private Cabanas, Beach Club, Beachfront Villas, Residents’ Lounge, Chef’s Kitchen, Outdoor Kitchen / BBQ Area, Infinity Pool","On-site Restaurant/Café, Security Staff, Gated Community, Gym, Concierge Services, Parking Space/Garage, Private Beach Access, Housekeeping Services, Spa, Business Center, Shared Lounges, Event Spaces/Banquet Halls, Kids' Play Area, Green Spaces/Parks",24-Hour Butler Service,Private Beach Access,Spa,Green Spaces/Parks,,W,"Discover unparalleled luxury with private, serene villas featuring lush tropical gardens.","The Residences in Seminyak boast breathtaking ocean views, private pools, and direct beach access, ensuring unparalleled luxury and tranquility."
W Residences,https://www.wresidences.com/residence/the-residences-at-w-cairo/,"1st District, One Ninety, New Cairo, Cairo, 11835, Egypt",2500000,1250,1500000,5000000,2000,300,2024,completed,high,yes,yes,96,Cairo,Egypt,"Spa / Wellness Area, Fitness Room / Gym, Panoramic Views, Private Balcony / Terrace, Residents’ Lounge, Chef’s Kitchen, Private Elevator, Home Office, Private Pool","On-site Restaurant/Café, Security Staff, Gated Community, Gym, Concierge Services, Parking Space/Garage, Housekeeping Services, Spa, Business Center, Shared Lounges, Event Spaces/Banquet Halls, Kids' Play Area, Green Spaces/Parks, Cold Storage/Package Rooms",,Spa,Concierge Services,On-site Restaurant/Café,,W,Discover unparalleled luxury living with breathtaking Nile views and exquisite design.,"Offering stunning Nile River views, this luxurious residence features private terraces, bespoke amenities, and unparalleled access to vibrant cultural hotspots."
"W Residences, Costa Rica, Reserva Conchal",https://www.wresidences.com/residence/costa-rica-reserva-conchal/,"Playa Conchal, Cabo Velas, Guanacaste, 50308, Costa Rica",4500000,1800,3000000,7000000,2500,14,2025,under construction,high,yes,yes,95,Cabo Velas,Costa Rica,"Private Pool, Spa / Wellness Area, Fitness Room / Gym, Panoramic Views, Private Balcony / Terrace, Private Cabanas, Beach Club, Beachfront Villas, Residents’ Lounge, Chef’s Kitchen, Outdoor Kitchen / BBQ Area, Infinity Pool","On-site Restaurant/Café, Security Staff, Gated Community, Gym, Concierge Services, Parking Space/Garage, Private Beach Access, Golf Course Access, Housekeeping Services, Spa, Tennis Courts, Kids' Play Area, Green Spaces/Parks, Biking/Running Trails, Sports Facilities",,Private Beach Access,Golf Course Access,Spa,,W,Luxuriate in sleek oceanview villas seamlessly blending modern elegance with tropical serenity.,"Offering breathtaking ocean views and direct access to pristine beaches, this residence features luxurious amenities and unparalleled privacy."
"W Residences Dubai, The Palm",https://www.wresidences.com/residence/the-residences-at-w-dubai/,"West Crescent, Palm Jumeirah, Dubai, 416573, United Arab Emirates",8000000,2667,5000000,15000000,3000,104,2020,completed,high,yes,yes,98,Dubai,UAE,"Private Pool, Spa / Wellness Area, Fitness Room / Gym, Panoramic Views, Private Balcony / Terrace, Private Cabanas, Beach Club, Beachfront Villas, Residents’ Lounge, Chef’s Kitchen, Private Elevator, Infinity Pool, Home Office","On-site Restaurant/Café, Security Staff, Gated Community, Gym, Concierge Services, Parking Space/Garage, Private Beach Access, Housekeeping Services, Spa, Business Center, Shared Lounges, Event Spaces/Banquet Halls, Marina/Yacht Club, Cold Storage/Package Rooms",24-Hour Butler Service,Private Beach Access,Marina/Yacht Club,Spa,,W,Indulge in panoramic Arabian Gulf views from your luxurious beachfront oasis.,"This luxurious residence boasts breathtaking panoramic views of the Arabian Gulf, private beach access, and unparalleled amenities for ultimate relaxation."
The Residences,https://www.wresidences.com/residence/the-residences-at-w-fort-lauderdale/,"401 N Fort Lauderdale Beach Blvd, Fort Lauderdale, FL 33304, United States",2500000,1667,1500000,5000000,1500,171,2009,completed,high,yes,yes,97,Fort Lauderdale,United States,"Private Pool, Spa / Wellness Area, Fitness Room / Gym, Panoramic Views, Private Balcony / Terrace, Residents’ Lounge, Chef’s Kitchen, Private Elevator, Infinity Pool, Beachfront Villas, Home Office","On-site Restaurant/Café, Security Staff, Gated Community, Gym, Concierge Services, Parking Space/Garage, Private Beach Access, Housekeeping Services, Spa, Business Center, Shared Lounges, Event Spaces/Banquet Halls, Rooftop Amenities, Pet-Friendly Facilities, Cold Storage/Package Rooms",,Private Beach Access,Spa,Rooftop Amenities,,W,Discover luxurious waterfront living with breathtaking ocean views and private yacht access.,"The Residences in Fort Lauderdale boast stunning waterfront views, private yacht access, and luxurious amenities that redefine upscale living."
The Residences,https://www.wresidences.com/residence/the-residences-at-w-hollywood/,"6250 Hollywood Blvd, Los Angeles, CA 90028, United States",2000000,1600,1200000,3500000,1250,143,2010,completed,high,yes,yes,96,Los Angeles,United States,"Spa / Wellness Area, Fitness Room / Gym, Panoramic Views, Private Balcony / Terrace, Residents’ Lounge, Chef’s Kitchen, Private Elevator, Home Office, Roof Deck / Patio","On-site Restaurant/Café, Security Staff, Gated Community, Gym, Concierge Services, Parking Space/Garage, Housekeeping Services, Spa, Business Center, Shared Lounges, Event Spaces/Banquet Halls, Rooftop Amenities, Pet-Friendly Facilities, Cold Storage/Package Rooms",Recording Studio,Concierge Services,Spa,Rooftop Amenities,,W,Luxurious modern living meets iconic skyline views in Hollywood's vibrant heart.,"The Residences in Hollywood boast breathtaking panoramic views of the iconic skyline, alongside private rooftop amenities and unparalleled access to vibrant entertainment."
The Residences,https://www.wresidences.com/residence/the-residences-at-w-koh-samui/,"4/1 Moo 1 Tambol Maenam, Koh Samui, Surat Thani, 84330, Thailand",4000000,1600,2500000,7000000,2500,17,2010,completed,high,yes,yes,95,Koh Samui,Thailand,"Private Pool, Spa / Wellness Area, Fitness Room / Gym, Panoramic Views, Private Balcony / Terrace, Private Cabanas, Beach Club, Beachfront Villas, Residents’ Lounge, Chef’s Kitchen, Outdoor Kitchen / BBQ Area, Infinity Pool","On-site Restaurant/Café, Security Staff, Gated Community, Gym, Concierge Services, Parking Space/Garage, Private Beach Access, Housekeeping Services, Spa, Business Center, Shared Lounges, Event Spaces/Banquet Halls, Kids' Play Area, Green Spaces/Parks, Sports Facilities",24-Hour Butler Service,Private Beach Access,Spa,Event Spaces/Banquet Halls,,W,Embrace panoramic ocean views from your luxurious hilltop sanctuary in Surat Thani.,"The Residences in Surat Thani boast breathtaking views of lush mountains and a private infinity pool, ensuring unmatched tranquility and luxury."
The Residences,https://www.wresidences.com/residence/the-residences-at-w-new-york-downtown/,"123 Washington Street, New York, NY 10006, USA",2000000,2000,1200000,3500000,1000,223,2010,completed,high,yes,yes,98,New York,United States,"Spa / Wellness Area, Fitness Room / Gym, Panoramic Views, Private Balcony / Terrace, Residents’ Lounge, Chef’s Kitchen, Private Elevator, Home Office","On-site Restaurant/Café, Security Staff, Gated Community, Gym, Concierge Services, Parking Space/Garage, Housekeeping Services, Spa, Business Center, Shared Lounges, Event Spaces/Banquet Halls, Pet-Friendly Facilities, Cold Storage/Package Rooms",,Concierge Services,Spa,On-site Restaurant/Café,,W,Unrivaled skyline views and bespoke luxury redefine urban living in this exclusive haven.,"Offering breathtaking skyline views and a private rooftop terrace, this residence redefines luxury living in the heart of Manhattan."
W Residences,https://www.wresidences.com/residence/w-residences-sao-paulo/,"Rua dos Três Irmãos, 100, Vila Nova Conceição, São Paulo, SP, 04538-001, Brazil",3000000,1500,2000000,5000000,2000,64,2023,completed,high,yes,yes,94,São Paulo,Brazil,"Spa / Wellness Area, Fitness Room / Gym, Panoramic Views, Private Balcony / Terrace, Residents’ Lounge, Chef’s Kitchen, Private Elevator, Infinity Pool, Home Office","On-site Restaurant/Café, Security Staff, Gated Community, Gym, Concierge Services, Parking Space/Garage, Housekeeping Services, Spa, Business Center, Shared Lounges, Event Spaces/Banquet Halls, Rooftop Amenities, Pet-Friendly Facilities, Cold Storage/Package Rooms",,Rooftop Amenities,Spa,Business Center,,W,Elevated urban living with private pools and skyline views redefines luxury.,"Offering breathtaking skyline views and exclusive access to a rooftop infinity pool, this residence redefines urban luxury living."
W Residences,,"110 Stuart Street, Boston, MA 02116, United States",2500000,2000,1500000,4500000,1250,123,2009,completed,high,yes,yes,98,Boston,United States,"Spa / Wellness Area, Fitness Room / Gym, Panoramic Views, Private Balcony / Terrace, Residents’ Lounge, Chef’s Kitchen, Private Elevator, Home Office, Butler’s Pantry / Service Kitchen","On-site Restaurant/Café, Security Staff, Gated Community, Gym, Concierge Services, Parking Space/Garage, Housekeeping Services, Spa, Business Center, Shared Lounges, Event Spaces/Banquet Halls, Pet-Friendly Facilities, Cold Storage/Package Rooms",24-Hour Butler Service,Event Spaces/Banquet Halls,Spa,Business Center,,W,"Elevate your lifestyle with stunning skyline views and luxurious, modern living spaces.","Offering breathtaking skyline views and unparalleled access to vibrant cultural hotspots, this residence redefines luxury living in Boston."
W Residences,https://marriottresidences.com/luxury_brand/w-residences/,"45 Ivan Allen Jr. Boulevard, Atlanta, GA 30308, United States",1500000,500,800000,3000000,3000,74,2009,completed,high,yes,yes,98,Atlanta,United States,"Spa / Wellness Area, Fitness Room / Gym, Panoramic Views, Private Balcony / Terrace, Residents’ Lounge, Chef’s Kitchen, Private Elevator, Infinity Pool, Home Office","On-site Restaurant/Café, Security Staff, Gated Community, Gym, Concierge Services, Parking Space/Garage, Housekeeping Services, Spa, Business Center, Shared Lounges, Event Spaces/Banquet Halls, Rooftop Amenities, Pet-Friendly Facilities, Cold Storage/Package Rooms",,Rooftop Amenities,Business Center,Concierge Services,,W,Elevated luxury meets modern sophistication with breathtaking skyline views and exclusive amenities.,"Offering breathtaking skyline views and luxurious amenities, this residence boasts a rooftop infinity pool and vibrant social spaces."
W Residences at Sentosa Cove,,"10 Sentosa Cove Drive, Sentosa Island, Singapore, 098297, Singapore",6000000,2400,4000000,10000000,2500,228,2012,completed,high,yes,yes,97,Singapore,Singapore,"Private Pool, Spa / Wellness Area, Fitness Room / Gym, Panoramic Views, Private Balcony / Terrace, Private Cabanas, Beach Club, Residents’ Lounge, Chef’s Kitchen, Private Elevator, Infinity Pool, Outdoor Kitchen / BBQ Area","On-site Restaurant/Café, Security Staff, Gated Community, Gym, Concierge Services, Parking Space/Garage, Private Beach Access, Housekeeping Services, Spa, Business Center, Shared Lounges, Event Spaces/Banquet Halls, Marina/Yacht Club, Green Spaces/Parks",24-Hour Butler Service,Private Beach Access,Marina/Yacht Club,Business Center,,W,Embrace unparalleled luxury with breathtaking ocean views and private yacht berths.,"Offering breathtaking waterfront views and private access to pristine beaches, this luxurious residence boasts unparalleled amenities and vibrant lifestyle options."
W Residences,,"Avenida das Hortênsias, 1480, Centro, Gramado, RS, 95670-000, Brazil",1200000,1200,800000,2000000,1000,60,2025,under construction,high,yes,yes,95,Gramado,Brazil,"Spa / Wellness Area, Fitness Room / Gym, Panoramic Views, Private Balcony / Terrace, Residents’ Lounge, Chef’s Kitchen, Private Elevator, Home Office, Private Garage","On-site Restaurant/Café, Security Staff, Gated Community, Gym, Concierge Services, Parking Space/Garage, Housekeeping Services, Spa, Business Center, Shared Lounges, Event Spaces/Banquet Halls, Green Spaces/Parks, Cold Storage/Package Rooms",,Concierge Services,Spa,Business Center,,W,"Discover luxurious living amid breathtaking mountain views and lush, serene landscapes.","Overlooking stunning mountain vistas, these residences boast private balconies, luxurious amenities, and direct access to scenic hiking trails."
W Residences,,"Jackson’s Row, Deansgate, Manchester, M2 5WD, United Kingdom",3000000,2000,2000000,5000000,1500,213,2027,planned,high,yes,yes,92,Manchester,UK,"Spa / Wellness Area, Fitness Room / Gym, Panoramic Views, Private Balcony / Terrace, Residents’ Lounge, Chef’s Kitchen, Private Elevator, Home Office, Infinity Pool","On-site Restaurant/Café, Security Staff, Gated Community, Gym, Concierge Services, Parking Space/Garage, Housekeeping Services, Spa, Business Center, Shared Lounges, Event Spaces/Banquet Halls, Rooftop Amenities, Cold Storage/Package Rooms",24-Hour Butler Service,Rooftop Amenities,Spa,Business Center,,W,"Elevating city living, these luxury residences boast panoramic skyline views and bespoke design.","Offering stunning skyline views and a vibrant rooftop terrace, this residence redefines luxury living in Manchester's heart."
W Residences at Al Maryah Island,,"Abu Dhabi Global Market St. – Second, Al Maryah Island, Abu Dhabi, 41184, United Arab Emirates",3500000,1750,2000000,6000000,2000,75,2026,under construction,high,yes,yes,95,Abu Dhabi,UAE,"Spa / Wellness Area, Fitness Room / Gym, Panoramic Views, Private Balcony / Terrace, Residents’ Lounge, Chef’s Kitchen, Private Elevator, Infinity Pool, Home Office","On-site Restaurant/Café, Security Staff, Gated Community, Gym, Concierge Services, Parking Space/Garage, Housekeeping Services, Spa, Business Center, Shared Lounges, Event Spaces/Banquet Halls, Rooftop Amenities, Cinema/Screening Room",24-Hour Butler Service,Concierge Services,Spa,Rooftop Amenities,,W,Indulge in breathtaking waterfront views and unparalleled luxury at Al Maryah Island.,"Offering stunning waterfront views and unparalleled access to luxury shopping, dining, and cultural attractions, this residence redefines upscale living."
W Residences,,"20 N Ocean Blvd, Pompano Beach, FL 33062, United States",3500000,1250,775000,6000000,2800,77,2009,planned,high,yes,yes,98,Pompano Beach,United States,"Private Pool, Spa / Wellness Area, Fitness Room / Gym, Panoramic Views, Private Balcony / Terrace, Residents’ Lounge, Chef’s Kitchen, Private Elevator, Infinity Pool, Beachfront Villas, Home Office","On-site Restaurant/Café, Security Staff, Gated Community, Gym, Concierge Services, Parking Space/Garage, Private Beach Access, Housekeeping Services, Spa, Business Center, Shared Lounges, Event Spaces/Banquet Halls, Rooftop Amenities, Pet-Friendly Facilities, Cold Storage/Package Rooms",,Private Beach Access,Rooftop Amenities,Business Center,,W,"Indulge in breathtaking ocean views from luxurious, modern residences with unparalleled amenities.","Overlooking the sparkling Atlantic, these residences boast expansive ocean views, luxurious amenities, and direct access to pristine beaches."
W Residences at Jumeirah Lake Tower Dubai,https://www.wresidencesjlt.com/,"Cluster B, Jumeirah Lake Towers, Dubai, 487952, United Arab Emirates",1500000,1250,800000,3000000,1200,150,2027,under construction,high,yes,yes,95,Dubai,UAE,"Spa / Wellness Area, Fitness Room / Gym, Panoramic Views, Private Balcony / Terrace, Residents’ Lounge, Chef’s Kitchen, Private Elevator, Infinity Pool, Home Office","On-site Restaurant/Café, Security Staff, Gated Community, Gym, Concierge Services, Parking Space/Garage, Housekeeping Services, Spa, Business Center, Shared Lounges, Event Spaces/Banquet Halls, Rooftop Amenities, Cold Storage/Package Rooms",24-Hour Butler Service,Rooftop Amenities,On-site Restaurant/Café,Concierge Services,,W,"Elevate your lifestyle with bold, panoramic skyline views and avant-garde design.","The residences boast breathtaking panoramic views of the iconic skyline and pristine lakes, complemented by luxurious amenities and unparalleled access to vibrant lifestyle attractions."
W Residences at Dubai Harbour,,"Dubai Harbour, Dubai Marina, Dubai, 487952, United Arab Emirates",2500000,1667,1500000,5000000,1500,100,2027,under construction,high,yes,yes,94,Dubai,UAE,"Private Pool, Spa / Wellness Area, Fitness Room / Gym, Panoramic Views, Private Balcony / Terrace, Residents’ Lounge, Chef’s Kitchen, Private Elevator, Infinity Pool, Home Office","On-site Restaurant/Café, Security Staff, Gated Community, Gym, Concierge Services, Parking Space/Garage, Private Beach Access, Housekeeping Services, Spa, Business Center, Shared Lounges, Event Spaces/Banquet Halls, Marina/Yacht Club, Rooftop Amenities, Cold Storage/Package Rooms",24-Hour Butler Service,Private Beach Access,Spa,Marina/Yacht Club,,W,Indulge in panoramic sea views from your luxurious sky-high sanctuary.,"Offering breathtaking panoramic views of the Arabian Gulf and direct beach access, this residence features luxurious amenities and unparalleled waterfront living."
W Residences,https://www.walgarveresidences.com/,"Estrada da Galé, Sesmarias, Albufeira, Faro, 8200-416, Portugal",1200000,1200,865000,2500000,1000,83,2022,completed,high,yes,yes,97,Albufeira,Portugal,"Private Pool, Spa / Wellness Area, Fitness Room / Gym, Panoramic Views, Private Balcony / Terrace, Residents’ Lounge, Chef’s Kitchen, Private Elevator, Infinity Pool, Outdoor Kitchen / BBQ Area, Home Office","On-site Restaurant/Café, Security Staff, Gated Community, Gym, Concierge Services, Parking Space/Garage, Private Beach Access, Housekeeping Services, Spa, Business Center, Shared Lounges, Event Spaces/Banquet Halls, Kids' Play Area, Green Spaces/Parks, Biking/Running Trails, Sports Facilities",,Private Beach Access,On-site Restaurant/Café,Sports Facilities,,W,Indulge in luxurious coastal living with stunning ocean views and vibrant nightlife.,"The residences boast breathtaking ocean views, private infinity pools, and direct access to pristine beaches, ensuring unparalleled luxury and tranquility."
"W Residences, Downtown",https://marriottresidences.com/luxury_brand/w-residences/,"Burj Al Arab Street, Downtown Dubai, Dubai, 487952, United Arab Emirates",1500000,1500,422500,5000000,1000,384,2025,under construction,high,yes,yes,98,Dubai,UAE,"Spa / Wellness Area, Fitness Room / Gym, Panoramic Views, Private Balcony / Terrace, Residents’ Lounge, Chef’s Kitchen, Private Elevator, Infinity Pool, Home Office","On-site Restaurant/Café, Security Staff, Gated Community, Gym, Concierge Services, Parking Space/Garage, Housekeeping Services, Spa, Business Center, Shared Lounges, Event Spaces/Banquet Halls, Rooftop Amenities, Cinema/Screening Room, Cold Storage/Package Rooms",24-Hour Butler Service,Rooftop Amenities,Cinema/Screening Room,Concierge Services,,W,"Soaring above the city, these ultra-luxury residences blend iconic design with panoramic Burj Khalifa views.","Offering breathtaking views of the iconic skyline and direct access to vibrant entertainment, this residence redefines luxury living."
W Residences,https://marriottresidences.com/luxury_brand/w-residences/,"2201 Collins Ave, Miami Beach, FL 33139, United States",2500000,2500,1200000,9995000,1000,408,2009,completed,high,yes,yes,99,Miami,United States,"Private Pool, Spa / Wellness Area, Fitness Room / Gym, Panoramic Views, Private Balcony / Terrace, Residents’ Lounge, Chef’s Kitchen, Private Elevator, Infinity Pool, Beachfront Villas, Home Office","On-site Restaurant/Café, Security Staff, Gated Community, Gym, Concierge Services, Parking Space/Garage, Private Beach Access, Housekeeping Services, Spa, Business Center, Shared Lounges, Event Spaces/Banquet Halls, Rooftop Amenities, Pet-Friendly Facilities, Cold Storage/Package Rooms",24-Hour Butler Service,Private Beach Access,Spa,Rooftop Amenities,,W,Immerse yourself in unparalleled luxury with breathtaking oceanfront views and exclusive amenities.,"Boasting breathtaking ocean views and direct beach access, this residence offers unparalleled luxury with private pools and personalized concierge services."
W Residences,https://marriottresidences.com/luxury_brand/w-residences/,"210 Lavaca Street, Austin, TX 78701, United States",1500000,1071,500000,4000000,1400,160,2010,completed,high,yes,yes,98,Austin,United States,"Spa / Wellness Area, Fitness Room / Gym, Panoramic Views, Private Balcony / Terrace, Residents’ Lounge, Chef’s Kitchen, Private Elevator, Infinity Pool, Home Office","On-site Restaurant/Café, Security Staff, Gated Community, Gym, Concierge Services, Parking Space/Garage, Housekeeping Services, Spa, Business Center, Shared Lounges, Event Spaces/Banquet Halls, Rooftop Amenities, Pet-Friendly Facilities, Cold Storage/Package Rooms",Recording Studio,Rooftop Amenities,Spa,Business Center,,W,Luxurious urban living meets stunning lake views in Austin's vibrant heart.,"Offering stunning views of Lady Bird Lake and downtown, this residence features luxurious amenities and vibrant urban living."
W Residences,https://marriottresidences.com/luxury_brand/w-residences/,"2408 Victory Park Lane, Dallas, TX 75219, United States",1800000,1200,1000000,3500000,1500,115,2006,completed,high,yes,yes,96,Dallas,United States,"Spa / Wellness Area, Fitness Room / Gym, Panoramic Views, Private Balcony / Terrace, Residents’ Lounge, Chef’s Kitchen, Private Elevator, Infinity Pool, Home Office","On-site Restaurant/Café, Security Staff, Gated Community, Gym, Concierge Services, Parking Space/Garage, Housekeeping Services, Spa, Business Center, Shared Lounges, Event Spaces/Banquet Halls, Rooftop Amenities, Pet-Friendly Facilities, Cold Storage/Package Rooms",,Concierge Services,Spa,Rooftop Amenities,,W,Elevate your lifestyle with sleek modern luxury and unmatched skyline views.,"This luxurious residence boasts sweeping skyline views, unparalleled amenities, and a vibrant location near the arts district."
W Residences,,"W Residences London, 10 Wardour Street, London W1D 6QF, UK.",,,,,,,2008,completed,high,,,,London,UK,,,,,,,,W,Enjoy breathtaking city views from your luxurious rooftop garden oasis.,"Offering breathtaking skyline views and personalized concierge services, this residence redefines luxury living in the heart of London."
The Waldorf Astoria,https://www.waldorftowers.nyc/en/availability/,"301 Park Avenue, New York, NY 10022, United States",7000000,3500,3000000,18000000,2000,375,2025,under construction,high,yes,yes,96,New York,United States,"Spa / Wellness Area, Fitness Room / Gym, Panoramic Views, Private Balcony / Terrace, Residents’ Lounge, Chef’s Kitchen, Private Elevator, Home Office, Butler’s Pantry / Service Kitchen, Wine Cellar / Wine Room","On-site Restaurant/Café, Security Staff, Gated Community, Gym, Concierge Services, Parking Space/Garage, Housekeeping Services, Spa, Business Center, Shared Lounges, Event Spaces/Banquet Halls, Cinema/Screening Room, Pet-Friendly Facilities, Cold Storage/Package Rooms",24-Hour Butler Service,Event Spaces/Banquet Halls,Cinema/Screening Room,Concierge Services,,Waldorf Astoria,Discover timeless elegance and unparalleled luxury in the heart of Manhattan.,"This iconic hotel offers unparalleled skyline views, luxurious amenities, and a rich history that captivates every guest."
The Waldorf,https://www.hilton.com/en/brands/waldorf-astoria/residences/,"300 Biscayne Boulevard, Miami, FL 33131, United States",3300000,1500,1100000,5500000,2200,360,2027,under construction,high,yes,yes,99,Miami,United States,"Spa / Wellness Area, Fitness Room / Gym, Panoramic Views, Private Balcony / Terrace, Residents’ Lounge, Chef’s Kitchen, Private Elevator, Infinity Pool, Home Office, Butler’s Pantry / Service Kitchen","On-site Restaurant/Café, Security Staff, Gated Community, Gym, Concierge Services, Parking Space/Garage, Housekeeping Services, Spa, Business Center, Shared Lounges, Event Spaces/Banquet Halls, Rooftop Amenities, Cinema/Screening Room, Cold Storage/Package Rooms",24-Hour Butler Service,Concierge Services,Spa,Rooftop Amenities,,Waldorf Astoria,"A soaring masterpiece of modern elegance, offering unparalleled oceanfront luxury and serenity.","This luxurious residence boasts breathtaking waterfront views, expansive terraces, and unparalleled access to Miami's vibrant cultural and culinary scene."
The Waldorf,https://www.hilton.com/en/brands/waldorf-astoria/residences/,"The Waldorf Astoria Dubai Palm Jumeirah, Crescent Road, The Palm Jumeirah, Dubai, UAE.",,,,,,,1931,under construction,high,,,,Dubai,UAE,,,,,,,,Waldorf Astoria,Discover luxurious living with breathtaking views of the iconic Dubai skyline.,"Offering breathtaking panoramic views of the iconic skyline, this residence features unparalleled amenities like a private beach and world-class dining."
Waldorf Astoria Residences,,"2100 Frostwood Blvd, Park City, UT 84098, United States",2500000,1250,1500000,4000000,2000,36,2009,completed,high,yes,yes,98,Park City,United States,"Spa / Wellness Area, Fitness Room / Gym, Panoramic Views, Private Balcony / Terrace, Residents’ Lounge, Chef’s Kitchen, Private Elevator, Home Office",,"Ski-in/Ski-out Access, Ski Valet Service","On-site Restaurant/Café, Security Staff, Gated Community, Gym, Concierge Services, Parking Space/Garage, Housekeeping Services, Spa, Business Center, Shared Lounges, Event Spaces/Banquet Halls, Cold Storage/Package Rooms",Spa,Business Center,,Waldorf Astoria,Discover refined mountain luxury with private ski access and world-class amenities.,"The residences boast breathtaking mountain vistas, direct ski-in/ski-out access, and unparalleled amenities, ensuring an extraordinary alpine lifestyle."
"Wyndham Residences, The Palm",wyndhamhotels.com/wyndham/dubai-united-arab-emirates/wyndham-residences-dubai-palm-jumeirah/overview,"Crescent Road, The Palm Jumeirah, Dubai, 18652, United Arab Emirates",1800000,1200,1200000,3000000,1500,102,2020,completed,high,yes,yes,95,Dubai,UAE,"Private Pool, Spa / Wellness Area, Fitness Room / Gym, Panoramic Views, Private Balcony / Terrace, Residents’ Lounge, Chef’s Kitchen, Private Elevator, Infinity Pool, Beachfront Villas","On-site Restaurant/Café, Security Staff, Gated Community, Gym, Concierge Services, Parking Space/Garage, Private Beach Access, Housekeeping Services, Spa, Business Center, Shared Lounges, Event Spaces/Banquet Halls, Rooftop Amenities, Kids' Play Area, Marina/Yacht Club",,Private Beach Access,Marina/Yacht Club,Spa,,Wyndham,Discover unrivaled luxury with panoramic views and private beach access in Dubai.,"Offering breathtaking views of the Arabian Gulf, this residence features private beach access and luxurious amenities unique to the area."
"Wyndham Residences, Costa Adeje",wyndhamresidencescostaadeje.com/?,"Wyndham Residences, Costa Adeje  
Calle Finlandia 8-10, San Eugenio Alto, Costa Adeje, Tenerife, 38660, Spain",400000,400,250000,600000,1000,80,2021,completed,high,yes,yes,97,Tenerife,Spain,"Private Pool, Spa / Wellness Area, Fitness Room / Gym, Panoramic Views, Private Balcony / Terrace, Residents’ Lounge, Chef’s Kitchen, Outdoor Kitchen / BBQ Area, Home Office","On-site Restaurant/Café, Security Staff, Gated Community, Gym, Concierge Services, Parking Space/Garage, Housekeeping Services, Spa, Shared Lounges, Event Spaces/Banquet Halls, Kids' Play Area, Green Spaces/Parks, Sports Facilities",,Spa,Concierge Services,Event Spaces/Banquet Halls,,Wyndham,Indulge in luxurious ocean-view living with stunning sunsets and lush gardens.,"Set against stunning ocean vistas, this residence boasts private terraces, luxurious amenities, and direct access to pristine beaches."
"Wyndham Residences, Golf del Sur",https://www.wyndhamresidencesgolfsur.com/?,"Avenida J.M. Galván Bello, San Miguel de Abona, Tenerife, 38639, Spain",350000,350,200000,500000,1000,120,2021,completed,high,yes,yes,95,Tenerife,Spain,"Private Pool, Spa / Wellness Area, Fitness Room / Gym, Panoramic Views, Private Balcony / Terrace, Residents’ Lounge, Chef’s Kitchen, Outdoor Kitchen / BBQ Area, Home Office","On-site Restaurant/Café, Security Staff, Gated Community, Gym, Concierge Services, Parking Space/Garage, Housekeeping Services, Spa, Golf Course Access, Shared Lounges, Kids' Play Area, Green Spaces/Parks, Sports Facilities",,Golf Course Access,Spa,Concierge Services,,Wyndham,"Overlooking lush fairways and ocean horizons, this serene retreat radiates sophistication.","Offering breathtaking ocean views and direct access to a championship golf course, this residence combines luxury with tranquility."
Wyndham Grand Residences,https://www.wyndhamgrandalgarveresidences.com/,"Estrada da Galé, Sesmarias, Albufeira, Faro, 8200-416, Portugal",1200000,1200,865000,2500000,1000,83,2022,completed,high,yes,yes,97,Algarve,Portugal,"Private Pool, Spa / Wellness Area, Fitness Room / Gym, Panoramic Views, Private Balcony / Terrace, Residents’ Lounge, Chef’s Kitchen, Private Elevator, Infinity Pool, Outdoor Kitchen / BBQ Area, Home Office","On-site Restaurant/Café, Security Staff, Gated Community, Gym, Concierge Services, Parking Space/Garage, Housekeeping Services, Spa, Business Center, Shared Lounges, Event Spaces/Banquet Halls, Kids' Play Area, Green Spaces/Parks, Biking/Running Trails, Rooftop Amenities",,Concierge Services,Spa,Rooftop Amenities,,Wyndham,Discover Algarve's serene oasis with exclusive ocean-view terraces and lush gardens.,"Overlooking stunning cliffs and pristine beaches, this residence boasts luxurious amenities, including private pools and breathtaking ocean views."
Wyndham Grand La Cala Golf Residences,https://wyndhamgrandlacala.com/,"Urbanización La Cala Golf, Mijas, Málaga, 29649, Spain",650000,500,400000,1000000,1300,45,2025,under construction,high,yes,yes,96,Malaga,Spain,"Private Pool, Spa / Wellness Area, Fitness Room / Gym, Panoramic Views, Private Balcony / Terrace, Residents’ Lounge, Chef’s Kitchen, Private Elevator, Outdoor Kitchen / BBQ Area, Home Office","On-site Restaurant/Café, Security Staff, Gated Community, Gym, Concierge Services, Parking Space/Garage, Housekeeping Services, Spa, Golf Course Access, Shared Lounges, Green Spaces/Parks, Sports Facilities",,Golf Course Access,On-site Restaurant/Café,Concierge Services,,Wyndham,Discover luxurious living amidst breathtaking golf views and serene Mediterranean landscapes.,"Offering breathtaking panoramic views of the Mediterranean and direct access to championship golf courses, this residence ensures an unparalleled luxury lifestyle."
Wyndham Grand Gold del Sur Residences,https://www.wyndhamresidencesgolfsur.com/,"Avenida J.M. Galván Bello, San Miguel de Abona, Tenerife, 38639, Spain",350000,350,200000,500000,1000,120,2021,completed,high,yes,yes,95,Tenerife,Spain,"Private Pool, Spa / Wellness Area, Fitness Room / Gym, Panoramic Views, Private Balcony / Terrace, Residents’ Lounge, Chef’s Kitchen, Outdoor Kitchen / BBQ Area, Home Office","On-site Restaurant/Café, Security Staff, Gated Community, Gym, Concierge Services, Parking Space/Garage, Housekeeping Services, Spa, Golf Course Access, Shared Lounges, Kids' Play Area, Green Spaces/Parks, Sports Facilities",,Golf Course Access,Green Spaces/Parks,Spa,,Wyndham,Luxurious coastal living meets panoramic ocean views and year-round golden sunsets.,"Overlooking stunning ocean vistas, these residences feature private terraces, luxurious amenities, and direct access to pristine beaches."
Wyndham Wongamat Pattaya Residences,https://habitatgroup.co.th/wyndhamgrand/,"16/3 Moo 5, Naklua, Banglamung, Pattaya, Chonburi, 20150, Thailand",250000,500,150000,400000,500,260,2024,completed,high,yes,yes,96,Pattaya,Thailand,"Private Pool, Spa / Wellness Area, Fitness Room / Gym, Panoramic Views, Private Balcony / Terrace, Residents’ Lounge, Chef’s Kitchen, Private Elevator, Infinity Pool, Beachfront Villas, Home Office","On-site Restaurant/Café, Security Staff, Gated Community, Gym, Concierge Services, Parking Space/Garage, Private Beach Access, Housekeeping Services, Spa, Business Center, Shared Lounges, Event Spaces/Banquet Halls, Rooftop Amenities, Kids' Play Area",,Private Beach Access,Spa,Rooftop Amenities,,Wyndham,Elevate your lifestyle with breathtaking panoramic ocean views from every suite.,"Overlooking the stunning Gulf of Thailand, these residences feature private balconies, luxurious amenities, and direct beach access for an unparalleled living experience."
Wyndham Residences,https://www.wyndhamgrandcostadelsol.com/,"Mijas, Spain: Avenida de los Botijos, 5, 29650 Mijas, Málaga, Spain.",,,,,,,2016,under construction,high,,,,Malaga,Spain,,,,,,,,Wyndham,"Bask in breathtaking sea views while enjoying luxurious, spacious accommodations in paradise.","Offering breathtaking panoramic views of the Mediterranean, these residences feature private terraces and direct access to serene beaches."
Wyndham Grand Residences,https://wyndhamgrandbatumigonio.com/en/,"1 Ninoshvili St, Gonio, Batumi, Adjara, 6000, Georgia",150000,500,100000,300000,300,800,2023,completed,high,yes,yes,95,Batumi,Georgia,"Private Pool, Spa / Wellness Area, Fitness Room / Gym, Panoramic Views, Private Balcony / Terrace, Residents’ Lounge, Chef’s Kitchen, Private Elevator, Infinity Pool, Beachfront Villas, Home Office","On-site Restaurant/Café, Security Staff, Gated Community, Gym, Concierge Services, Parking Space/Garage, Housekeeping Services, Spa, Business Center, Shared Lounges, Event Spaces/Banquet Halls, Rooftop Amenities, Cinema/Screening Room, Cold Storage/Package Rooms",24-Hour Butler Service,Private Beach Access,Spa,Rooftop Amenities,,Wyndham,Elevate your lifestyle with breathtaking sea views and luxurious modern design.,"Offering breathtaking sea views and direct beach access, this residence features luxurious amenities and exquisite design unmatched in the region."
Aston Martin Residences,https://www.astonmartinresidences.com/residence,"300 Biscayne Blvd Way, Miami, FL 33131, USA.",3000000,1500,1000000,59000000,2000,391,2024,completed,high,yes,yes,99,Miami,Florida,"Private Pool, Spa / Wellness Area, Fitness Room / Gym, Panoramic Views, Private Balcony / Terrace, Residents’ Lounge, Chef’s Kitchen, Private Elevator, Infinity Pool, Home Office, Butler’s Pantry / Service Kitchen, Wine Cellar / Wine Room, Private Garage","On-site Restaurant/Café, Security Staff, Gated Community, Gym, Concierge Services, Parking Space/Garage, Housekeeping Services, Spa, Business Center, Shared Lounges, Event Spaces/Banquet Halls, Rooftop Amenities, Cinema/Screening Room, Marina/Yacht Club, Cold Storage/Package Rooms",24-Hour Butler Service,Marina/Yacht Club,Business Center,Rooftop Amenities,,Aston Martin,"Rising boldly, this waterfront marvel boasts panoramic ocean views and unparalleled luxury.","Overlooking Biscayne Bay, this luxurious residence boasts expansive terraces, private pools, and unparalleled access to a rooftop sky lounge."
Bentley residences,https://miami-bentleyresidences.com/?gad_source=1&gbraid=0AAAAACgkkn_mM0zCNhF1kNIKZV8OtcnVB&gclid=CjwKCAiApsm7BhBZEiwAvIu2X0r1thNrDBlqJgBKsd8nGUCholiPaCFA62GDTcdWChrlo2sMYyH_KhoCLTYQAvD_BwE,"Bentley Residences  
18401 Collins Avenue, Sunny Isles Beach, FL 33160, United States",7000000,2000,5600000,35000000,3500,216,2027,completed,high,yes,yes,98,Miami,United States,"Private Pool, Spa / Wellness Area, Fitness Room / Gym, Panoramic Views, Private Balcony / Terrace, Residents’ Lounge, Chef’s Kitchen, Private Elevator, Infinity Pool, Beachfront Villas, Home Office, Private Garage, Outdoor Kitchen / BBQ Area","On-site Restaurant/Café, Security Staff, Gated Community, Gym, Concierge Services, Parking Space/Garage, Private Beach Access, Housekeeping Services, Spa, Business Center, Shared Lounges, Event Spaces/Banquet Halls, Rooftop Amenities, Cinema/Screening Room, Cold Storage/Package Rooms",Car Elevator,Private Beach Access,Event Spaces/Banquet Halls,Spa,,Bentley,Indulge in breathtaking ocean views from your private terrace in luxurious elegance.,"The Bentley residences boast stunning ocean views, private beach access, and luxurious amenities like a rooftop pool and spa."
Buggati Residences by Binghatti,https://bugattiresidences.com/,"1 Sheikh Mohammed bin Rashid Blvd, Business Bay, Dubai, 487952, United Arab Emirates",5200000,1700,2000000,35400000,3000,182,2026,under construction,high,yes,yes,98,Dubai,UAE,"Private Pool, Spa / Wellness Area, Fitness Room / Gym, Panoramic Views, Private Balcony / Terrace, Residents’ Lounge, Chef’s Kitchen, Private Elevator, Infinity Pool, Home Office, Private Garage, Private Cabanas","On-site Restaurant/Café, Security Staff, Gated Community, Gym, Concierge Services, Parking Space/Garage, Private Beach Access, Housekeeping Services, Spa, Business Center, Shared Lounges, Event Spaces/Banquet Halls, Rooftop Amenities, Cinema/Screening Room, Cold Storage/Package Rooms","Private Members Club, Car Elevator",Private Beach Access,Spa,Event Spaces/Banquet Halls,,Bugatti,Immerse in unparalleled luxury with private car elevators to your opulent home.,"These luxurious residences boast breathtaking skyline views, private infinity pools, and unparalleled access to Dubai's vibrant lifestyle and culture."