residence_name,website_url,address,avg_price_per_unit,avg_price_per_sqft,budget_start_range,budget_end_range,floor_area_sqft,no_of_units,build_year,development_status,rental_potential,pet_friendly,accessible,confidence_score,city,country,feature_names,amenity_names,other_amenities,highlighted_amenity1,highlighted_amenity2,highlighted_amenity3,ameneties_count,associated_brand,brief_subtitle,brief_description
Four Seasons Private Residences,https://www.fourseasons.com/residences/private_residences/telluride/,"Four Seasons Private Residences Telluride  
680 Mountain Village Blvd, Mountain Village, United States",22000000,4500,4000000,40000000,4888,28,2027,under construction,high,yes,yes,95,Mountain Village,United States,"Ski-in/ski-out access, fitness center, private terraces, spa facilities","Swimming Pool, Gym, Parking Space/Garage, Security, On-site Restaurant/Café","Ski valet, kids’ programs, hiking trails, outdoor hot tubs, comfort stations",Ski-in/ski-out access to Telluride Ski Resort,Heated outdoor pool with mountain views,Olson Kundig-designed modernist retreat,10,Four Seasons,"Indulge in breathtaking mountain views and luxurious ski-in, ski-out living.","These luxurious residences boast breathtaking mountain vistas, direct ski access, and unparalleled amenities, creating an extraordinary alpine living experience."
Four Seasons Private Residences,https://www.fourseasons.com/residences/private_residences/toronto/,"Toronto, Canada is 50 Yorkville Ave, Toronto, ON M4W 1L4.",3000000,1900,1500000,7000000,1580,210,2012,completed,high,yes,yes,94,Toronto,Canada,"Fitness center, spa facilities, private terraces, residents’ lounge","Swimming Pool, Gym, Parking Space/Garage, Security, On-site Restaurant/Café","24-hour concierge, valet parking, yoga studio, personal training, doorman service",20-meter indoor pool,Café Boulud dining,Four Seasons Spa,10,Four Seasons,"Elevate your lifestyle with unmatched luxury, panoramic city views, and bespoke services.","Offering breathtaking panoramic views of the city skyline and Lake Ontario, this residence features luxurious amenities and unparalleled service."
Four Seasons Private Residences,https://www.fourseasons.com/residences/private_residences/vail/,"Four Seasons Private Residences Vail  
1 Vail Road  
Vail, CO 81657  
United States",5000000,1600,3000000,10000000,3775,24,2010,completed,high,no,yes,93,Vail,United States,"Ski-in/ski-out access, fitness center, private terraces, spa facilities","Swimming Pool, Gym, Parking Space/Garage, Security, On-site Restaurant/Café","Ski valet, kids’ programs, hiking trails, outdoor hot tubs, valet parking",Ski-in/ski-out access to Vail Mountain\,Year-round heated outdoor pool,Flame Restaurant dining,10,Four Seasons,"Enjoy ski-in, ski-out luxury with breathtaking mountain views from your private haven.","Offering breathtaking views of the Gore Range and direct access to world-class skiing, these residences redefine luxury living in Vail."
Four Seasons Private Residences,https://www.fourseasons.com/residences/private_residences/whistler/,"Four Seasons Private Residences Whistler  
4591 Blackcomb Way,  
Whistler, BC V0N 1B4,  
Canada",4000000,1500,2000000,7000000,2670,37,2004,completed,high,yes,yes,94,Whistler,Canada,"Ski-in/ski-out access, fitness center, private hot tubs, owners’ lodge","Swimming Pool, Gym, Parking Space/Garage, Security, On-site Restaurant/Café","Ski valet, kids’ programs, hiking trails, outdoor pursuits, comfort stations",Ski-in/ski-out access to Whistler Blackcomb,Heated outdoor pool and hot tubs,Sidecut Steakhouse dining,10,Four Seasons,"Indulge in breathtaking mountain views from your luxurious, ski-in-ski-out sanctuary.","Offering breathtaking panoramic mountain views, these luxurious residences feature ski-in/ski-out access and bespoke amenities for an unparalleled alpine lifestyle."
Four Seasons Private Residences,https://www.fourseasons.com/residences/private_residences/cartagena/,"Carrera 1 # 12 - 118, Cartagena, Colombia",1500000,1000,800000,3000000,1500,16,2025,under construction,high,yes,yes,90,Cartagena,Colombia,"Fitness center, spa facilities, private terraces, historical restoration","Swimming Pool, Gym, Parking Space/Garage, Security, On-site Restaurant/Café","24-hour concierge, rooftop terrace, marina access, kids’ programs, comfort stations",Rooftop pool with Cartagena Bay views,16th-century San Francisco Cloister restoration,Eight dining venues including Neapolitan pizzeria,10,Four Seasons,"A historic sanctuary blending colonial charm with modern luxury, overlooking Cartagena's shimmering bay.","Overlooking the Caribbean Sea, these luxurious residences boast expansive terraces, private pools, and unparalleled access to Cartagena's vibrant culture."
Four Seasons Private Residences,https://www.fourseasons.com/residences/private_residences/belize/,"Four Seasons Private Residences Caye Chapel, Belize.",6500000,1350,3000000,10000000,4807,24,2025,under construction,high,yes,yes,92,Caye Chapel,Belize,"Golf course, private beach, fitness center, private pools","Swimming Pool, Gym, Parking Space/Garage, Private Garden, Security, On-site Restaurant/Café, Golf","Marina access, kids’ club, water sports, outdoor pursuits, comfort stations",Greg Norman-designed White Shark Golf Course,Six miles of private beachfront,Fabien Cousteau Nature Center,12,Four Seasons,Indulge in unparalleled luxury with breathtaking ocean views and private island exclusivity.,"Offering breathtaking ocean views and private access to pristine beaches, these residences redefine luxury living in Belize."
Four Seasons Private Residences,https://www.fourseasons.com/residences/private_residences/costarica/,"Four Seasons Private Residences Costa Rica  
Papagayo Peninsula, Guanacaste, Costa Rica",,,,,3500,20,2019,completed,high,yes,yes,85,Guanacaste,Costa Rica,"Golf course, fitness center, private pools, spa facilities","Swimming Pool, Gym, Parking Space/Garage, Private Garden, Security, On-site Restaurant/Café, Golf","Tennis courts, kids’ club, beach access, water sports, comfort stations",Arnold Palmer-designed golf course,Private infinity pools with ocean views,Four resort pools,12,Four Seasons,Discover unparalleled luxury living with breathtaking ocean views and lush tropical landscapes.,"This luxurious residence boasts breathtaking ocean views, private beach access, and unparalleled amenities, ensuring an extraordinary lifestyle experience."
Four Seasons Private Residences,https://www.fourseasons.com/residences/private_residences/istanbul/,"Four Seasons Private Residences Istanbul  
Ulus, Türkali Cd. 4A, Istanbul, Turkey",2500000,1200,1500000,5000000,2080,82,2024,under construction,high,yes,yes,93,Istanbul,Turkey,"Fitness center, private terraces, spa facilities, residents’ garden","Swimming Pool, Gym, Parking Space/Garage, Private Garden, Security, On-site Restaurant/Café, Golf","24-hour concierge, valet parking, yoga studio, personal training, doorman service",Rooftop pool with skyline views,Private garden suites,7-meter-high penthouse ceilings,11,Four Seasons,Immerse yourself in unmatched luxury with panoramic Bosphorus views and timeless elegance.,"Overlooking the Bosphorus, these residences offer unparalleled luxury with private terraces, bespoke interiors, and access to a world-class spa."
Four Seasons Private Residences,https://www.fourseasons.com/residences/private_residences/london_20_grosvenor_square/,"20 Grosvenor Square, London, United Kingdom",23000000,3300,22000000,39000000,4680,37,2019,completed,high,yes,yes,94,London,UK,"Private wine cellar, spa facilities, private cinema, residents’ garden","Swimming Pool, Gym, Parking Space/Garage, Private Garden, Security, On-site Restaurant/Café, Golf","24-hour concierge, valet parking, treatment suite with steam room, games room, business suite",25-meter heated swimming pool,Finchatton-designed classical drawing rooms,Private cinema and wine cellar,11,Four Seasons,Elevate your lifestyle with unparalleled panoramic views of London's iconic skyline.,"Overlooking the Thames, these residences boast unparalleled skyline views, bespoke interiors, and access to world-class amenities and services."
Four Seasons Private Residences,https://www.fourseasons.com/residences/private_residences/madrid/,"Calle de Sevilla 2, Madrid, Spain",4000000,1800,2500000,7000000,2220,22,2020,completed,high,yes,yes,95,Madrid,Spain,"Private terraces, fitness center, spa facilities, residents’ lounge","Swimming Pool, Gym, Parking Space/Garage, Security, On-site Restaurant/Café","24-hour concierge, rooftop terrace, wellness suite, valet parking, doorman service",Rooftop pool with city views,Canalejas 360 dining experience,Historical 19th-century restoration,10,Four Seasons,Indulge in luxurious living with breathtaking views of Madrid's vibrant skyline.,"Offering breathtaking views of the Royal Palace and exclusive access to a rooftop terrace, this residence redefines luxury living."
Four Seasons Private Residences,https://www.fourseasons.com/residences/private_residences/abudhabi/,"Abu Dhabi, Al Maryah Island, Abu Dhabi, UAE.",1250000,700,625000,2200000,"2,08",82,2024,under construction,high,yes,yes,93,Abu Dhabi,UAE,"Fitness center, private terraces, spa facilities, residents’ lounge","Swimming Pool, Gym, Parking Space/Garage, Security, On-site Restaurant/Café","24-hour concierge, rooftop pool terrace, kids’ club, valet parking, doorman service",Rooftop pool with Arabian Gulf views,34th-floor residents’ lounge,Signature dining by Michelin-starred chefs,10,Four Seasons,Elevate your lifestyle with panoramic waterfront views and unrivaled bespoke luxury.,"Overlooking the Arabian Gulf, these luxury residences boast expansive terraces, unparalleled sunset views, and access to world-class amenities."
"Four Seasons Private Residences, Bahrain Bay",https://www.fourseasons.com/residences/private_residences/bahrain-bay/,"Bahrain Bay, Manama, Bahrain",1500000,750,750000,3500000,2000,112,2024,completed,high,yes,yes,94,Manama,Bahrain,"Private infinity pools, fitness center, private bridge to hotel, spa facilities","Swimming Pool, Gym, Parking Space/Garage, Security, On-site Restaurant/Café","24-hour concierge, kids’ club, rooftop living area, valet parking",Resident-only open-air pool,Private bridge to Four Seasons Hotel amenities,Panoramic Bahrain Bay views,10,Four Seasons,Elevate your lifestyle with panoramic sea views and unparalleled luxury amenities.,"Offering breathtaking panoramic views of the Arabian Gulf, this residence features unparalleled amenities and direct access to a vibrant waterfront lifestyle."
Four Seasons Private Residences,https://www.fourseasons.com/residences/private_residences/dubaidifc/,"Four Seasons Private Residences Dubai, UAE  
Gate Avenue, DIFC",6000000,1400,3000000,15000000,4068,52,2026,under construction,high,yes,yes,94,Dubai,UAE,"Fitness center, private terraces, spa facilities, residents’ lounge","Swimming Pool, Gym, Parking Space/Garage, Security, On-site Restaurant/Café","24-hour concierge, valet parking, rooftop pool terrace, business suite, doorman service",Rooftop pool with Burj Khalifa views,Sir David Chipperfield-designed architecture,Access to Four Seasons Hotel DIFC and Jumeirah Beach amenities,10,Four Seasons,Immerse yourself in unparalleled luxury with breathtaking skyline views and bespoke amenities.,"Offering breathtaking views of the iconic skyline and the Arabian Gulf, this residence features unparalleled luxury amenities and personalized services."
Four Seasons Private Residences,https://www.fourseasons.com/residences/private_residences/dubai-at-jumeirah/,"Four Seasons Private Residences Dubai, UAE  
Jumeirah Beach Road, Jumeirah 2, Dubai, UAE",5500000,1800,3000000,10000000,3056,28,2024,under construction,high,yes,yes,92,Dubai,UAE,"Private infinity pools, fitness center, private cinema, kids’ play area","Swimming Pool, Gym, Parking Space/Garage, Private Garden, Security, On-site Restaurant/Café","24-hour concierge, spa facilities, multi-functional room, valet parking, canal promenade access",Lap pool with Dubai Water Canal views,Sybille de Margerie-designed interiors,Access to Four Seasons Resort Jumeirah Beach amenities,11,Four Seasons,"Commanding breathtaking skyline and sea views, these ultra-luxury residences redefine elegance.","Overlooking the iconic skyline, these residences feature private terraces, unparalleled amenities, and access to a world-class lifestyle."
Four Seasons Private Residences,https://www.fourseasons.com/residences/private_residences/jeddah-at-the-corniche/,"Four Seasons Private Residences Jeddah  
Corniche Road, Jeddah 21577, Saudi Arabia",2500000,775,1000000,5000000,3230,64,2024,completed,high,yes,yes,95,Jeddah,Saudi Arabia,"Private terraces, fitness center, spa facilities, residents’ lounge","Swimming Pool, Gym, Parking Space/Garage, Private Garden, Security, On-site Restaurant/Café","24-hour concierge, beach access, kids’ club, wellness suite, valet parking",Infinity pool with Red Sea views,Private beach access,Dedicated wellness suite,11,Four Seasons,Elevate your lifestyle with breathtaking Red Sea views and unparalleled luxury living.,"Overlooking the Red Sea, these residences boast breathtaking panoramic views, luxurious amenities, and unparalleled access to vibrant coastal living."
Four Seasons Private Residences,https://www.fourseasons.com/residences/private_residences/madinaty/,"Madinaty Developmen, New Cairo, Egypt",1800000,600,800000,4500000,3000,187,2025,under construction,medium,yes,yes,90,New Cairo,Egypt,"Private pools, fitness center, private terraces, spa facilities","Swimming Pool, Gym, Parking Space/Garage, Private Garden, Security, On-site Restaurant/Café, Golf","Tennis courts, kids’ club, multi-sport courts, event lawn, comfort stations",Private pool per villa,Pierre-Yves Rochon-designed interiors,Waterfront dining experience,12,Four Seasons,Indulge in luxurious living with breathtaking skyline views and exquisite design elegance.,"Offering breathtaking panoramic views of the Pyramids and lush landscapes, this residence boasts unparalleled luxury and exclusive amenities."
Four Seasons Private Residences,https://www.fourseasons.com/residences/private_residences/marrakech/,"Four Seasons Private Residences Marrakech  
Route de Fès, Marrakech 40000, Morocco",2100000,700,1200000,4000000,3000,43,2011,completed,high,yes,yes,93,Marrakech,Morocco,"Fitness center, spa facilities, private terraces, Moorish gardens","Swimming Pool, Gym, Parking Space/Garage, Private Garden, Security, On-site Restaurant/Café","Kids’ club, tennis courts, hammam spa, guided Medina tours, comfort stations",Three resort pools with Atlas Mountain views,Traditional Moroccan hammam spa,Azul dining with Moroccan cuisine,11,Four Seasons,"Amid lush gardens and serene pools, discover timeless elegance with Moroccan soul.",These luxurious residences offer breathtaking views of the Atlas Mountains and exclusive access to a private wellness sanctuary.
Four Seasons Private Residences,https://www.fourseasons.com/residences/private_residences/marrakech_at_m_avenue/,"Four Seasons Private Residences Marrakech, Morocco: 1, Boulevard de la Menara, Marrakech 40000, Morocco.",1500000,650,295000,3500000,2300,96,2022,completed,high,yes,yes,94,Marrakech,Morocco,"Private rooftop terraces, fitness center, private cinema, business center","Swimming Pool, Gym, Parking Space/Garage, Security, On-site Restaurant/Café","24-hour concierge, kids’ club, spa facilities, party room, valet parking",Two rooftop pools with Atlas Mountain views,Rebosio+Spagnulo-designed interiors,Access to Four Seasons Resort Marrakech amenities,10,Four Seasons,Indulge in luxurious oasis living with breathtaking Atlas Mountain views and lush gardens.,"Offering breathtaking views of the Atlas Mountains, these luxurious residences feature private gardens and exclusive access to a world-class spa."
Four Seasons Private Residences,https://www.fourseasons.com/residences/private_residences/mauritius/,"Mauritius  
Anahita Resort, Grande Rivière Sud Est",2800000,800,1500000,5000000,3500,51,2008,completed,high,yes,yes,92,Beau Champ,Mauritius,"Golf courses, fitness center, private pools, beach club","Swimming Pool, Gym, Parking Space/Garage, Private Garden, Security, On-site Restaurant/Café, Golf","Tennis courts, kids’ club, marina access, water sports, comfort stations",Ernie Els and Bernhard Langer Signature golf courses,Private beach on Ile aux Cerfs,Overwater spa with tropical treatments,12,Four Seasons,Bask in unparalleled luxury with stunning ocean views and private beach access.,"Overlooking the pristine beaches and lush landscapes, these luxurious residences feature private infinity pools and direct ocean access, ensuring unparalleled tranquility."
"Four Seasons Private Residences, The Pearl",https://www.fourseasons.com/residences/private_residences/the-pearl-qatar/,"Porto Arabia Drive, Doha ,Qatar",3500000,1000,2000000,7000000,3500,84,2023,completed,high,yes,yes,94,Doha,Qatar,"Fitness center, private terraces, spa facilities, private cabanas","Swimming Pool, Gym, Parking Space/Garage, Private Garden, Security, On-site Restaurant/Café","24-hour concierge, kids’ club, beach access, indoor pool, valet parking",Two seaside pools with private cabanas,Joël Robuchon-inspired dining,Loulou Spa with pearl-inspired treatments,11,Four Seasons,"Elevating waterfront living, this masterpiece blends opulent design with panoramic marina views.","Offering breathtaking panoramic views of the Arabian Gulf, this residence features luxurious amenities and private beach access, ensuring an unparalleled lifestyle."
Four Seasons Private Residences,https://www.fourseasons.com/residences/private_residences/seychelles/,"Petite Anse, Baie Lazare, Mahé, Seychelles",4500000,900,3000000,7500000,5000,27,2009,completed,high,yes,yes,93,Mahé,Seychelles,"Private infinity pools, fitness center, private cinema, residents’ garden","Swimming Pool, Gym, Parking Space/Garage, Private Garden, Security, On-site Restaurant/Café","24-hour concierge, kids’ club, spa facilities, water sports, comfort stations",Private infinity pool per residence,Petite Anse Bay oceanfront views,Creole-inspired spa treatments,11,Four Seasons,Embrace unparalleled luxury with breathtaking ocean vistas and seamless indoor-outdoor living.,"Overlooking pristine beaches and turquoise waters, these exclusive residences feature private infinity pools and unparalleled sunset views."
Four Seasons Private Residences,https://www.fourseasons.com/residences/private_residences/seychellesdesroches/,"Desroches Island, Seychelles",5000000,1000,3500000,8000000,5000,30,2018,completed,high,yes,yes,92,Desroches Island,Seychelles,"Private pools, fitness center, full kitchens, beachfront terraces","Swimming Pool, Gym, Parking Space/Garage, Private Garden, Security, On-site Restaurant/Café","Kids’ club, water sports, spa facilities, diving center, comfort stations",Private pool with beachfront access,9 miles of white-sand beaches,Claudine restaurant with themed buffets,11,Four Seasons,Bask in unparalleled luxury with pristine beaches and breathtaking ocean views at your doorstep.,"Offering breathtaking ocean views and unparalleled privacy, these luxurious residences feature direct beach access and lush tropical gardens."
Four Seasons Private Residences,https://www.fourseasons.com/residences/private_residences/sharmelsheikh/,"1 Four Seasons Boulevard, El-Salam, Egypt",2500000,800,1500000,5000000,3125,52,2002,completed,high,yes,yes,93,Sharm El Sheikh,Egypt,"Private pools, fitness center, beach club, dive center","Swimming Pool, Gym, Parking Space/Garage, Private Garden, Security, On-site Restaurant/Café","Tennis courts, kids’ club, water sports, spa facilities, comfort stations",Red Sea beachfront with private pools,World-class diving center,12 dining venues including Zitouni,11,Four Seasons,Wake up to panoramic Red Sea views from your ultra-luxurious coastal sanctuary.,"Offering breathtaking views of the Red Sea, this residence features private beach access and unparalleled luxury amenities."
Four Seasons Private Residences,https://www.fourseasons.com/residences/private_residences/bangkok/,"Four Seasons Private Residences Bangkok, 300/1 Charoenkrung Road, Yannawa, Sathon, Bangkok 10120, Thailand.",3500000,1100,1000000,6600000,3200,355,2018,completed,high,yes,yes,95,Bangkok,Thailand,"Private infinity pools, fitness center, private terraces, residents’ club","Swimming Pool, Gym, Parking Space/Garage, Security, On-site Restaurant/Café","24-hour concierge, rooftop pool terrace, kids’ club, spa facilities, valet parking",64th-floor infinity pool with Chao Phraya views,Residents’ Club with wine cellar,"BKK Social Club, Asia’s top-ranked bar",10,Four Seasons,Elevate your lifestyle with panoramic river views and unrivaled urban sophistication.,"Offering breathtaking riverfront views and personalized services, this luxury residence redefines urban living in Bangkok's vibrant heart."
Four Seasons Private Residences,https://www.fourseasons.com/residences/private_residences/beijing/,"Four Seasons Private Residences Beijing  
No. 48, Liangmaqiao Road,  
Chaoyang District,  
Beijing, China",4000000,1200,2500000,7000000,3300,83,2012,completed,high,yes,yes,94,Beijing,China,"Private terraces, fitness center, natatorium, residents’ clubhouse","Swimming Pool, Gym, Parking Space/Garage, Security, On-site Restaurant/Café","24-hour concierge, sauna, steam room, kids’ play area, valet parking",Private natatorium with indoor pool,Liangma River proximity,Access to Four Seasons Hotel dining,10,Four Seasons,Immerse yourself in unparalleled luxury with breathtaking skyline views and exquisite design.,"Offering breathtaking views of the Forbidden City, these residences boast unparalleled luxury with personalized services and exceptional amenities."
Four Seasons Private Residences,https://www.fourseasons.com/residences/private_residences/bengaluru/,"8, Bellary Road, Ganganagar, Bengaluru, India",2500000,900,1000000,5500000,2800,109,2018,completed,high,yes,yes,95,Bengaluru,India,"Private terraces, fitness center, private study, residents’ lounge","Swimming Pool, Gym, Parking Space/Garage, Security, On-site Restaurant/Café","24-hour concierge, kids’ club, rooftop terrace, personal training, valet parking",Rooftop pool with city skyline views,CUR8 restaurant with global cuisine,20th-floor VIP suite with private gym,10,Four Seasons,Immerse in ultra-luxury living with panoramic city views and world-class amenities.,"Offering breathtaking views of the city skyline and lush greenery, these residences feature bespoke interiors and exceptional amenities."
Four Seasons Private Residences,https://www.fourseasons.com/residences/private_residences/hangzhou/,"Four Seasons Private Residences Hangzhou, 88 Wulin Road, Hangzhou, China.",5000000,1400,3000000,8000000,3600,92,2024,completed,high,yes,yes,94,Hangzhou,China,"Private indoor pool, fitness center, private cinema, Jiang Nan-style gardens","Swimming Pool, Gym, Parking Space/Garage, Private Garden, Security, On-site Restaurant/Café","24-hour concierge, sauna, spa facilities, kids’ play area, comfort stations",Private indoor pool in Jiang Nan-style villa,West Lake and Grand Canal views,Dedicated Four Seasons concierge service,11,Four Seasons,Embrace serene luxury with panoramic West Lake views from your private sanctuary.,"Overlooking the serene West Lake, these residences boast unparalleled views, bespoke amenities, and direct access to lush nature trails."
Four Seasons Private Residences,https://www.fourseasons.com/residences/private_residences/hoian/,"Four Seasons Private Residences Hoi An, Vietnam, is located at 1 Nguyen Trai, Cam An, Hoi An, Quang Nam, Vietnam.",3000000,1000,2000000,5000000,3000,40,2008,completed,high,yes,yes,92,Quang Nam,Vietnam,"Private pools, fitness center, private gardens, beachfront villas","Swimming Pool, Gym, Parking Space/Garage, Private Garden, Security, On-site Restaurant/Café","Kids’ club, spa facilities, water sports, biking trails, comfort stations",Mile-long private beachfront,Three resort pools with ocean views,An Viet spa with Vietnamese treatments,11,Four Seasons,"Bask in luxurious beachfront living, where vibrant culture meets serene coastal beauty.","Overlooking the stunning coastline and lush rice paddies, these residences offer unparalleled luxury with private beach access and bespoke amenities."
Four Seasons Private Residences,https://www.fourseasons.com/residences/private_residences/jakarta/,"Four Seasons Private Residences Jakarta, Jl. Jend. Sudirman No. 18, Jakarta 10220, Indonesia.",2500000,1000,1500000,5000000,2500,122,2016,completed,high,yes,yes,94,Jakarta,Indonesia,"Fitness center, private terraces, spa facilities, residents’ lounge","Swimming Pool, Gym, Parking Space/Garage, Security, On-site Restaurant/Café","24-hour concierge, kids’ playroom, tennis courts, sauna, jogging track",Lagoon-style swimming pools,Turkish marble-floored interiors,Central Business District location,10,Four Seasons,"Rising majestically, this urban sanctuary redefines luxury with panoramic skyline vistas.","Offering breathtaking panoramic views of the city skyline and a vibrant lifestyle, this residence features exclusive amenities like a private rooftop infinity pool and personalized concierge services."
Four Seasons Private Residences,https://www.fourseasons.com/residences/private_residences/kohsamui/,"Four Seasons Private Residences Koh Samui, 219 Moo 5, Baan Taling Ngam, Taling Ngam, Koh Samui, Surat Thani 84140, Thailand.",4500000,1200,2500000,7500000,3750,12,2007,completed,high,yes,yes,93,Koh Samui,Thailand,"Private infinity pools, fitness center, full kitchens, hillside terraces","Swimming Pool, Gym, Parking Space/Garage, Private Garden, Security, On-site Restaurant/Café","Kids’ club, water sports, spa facilities, private yacht access, comfort stations",Private infinity pool per villa,CoCoRum poolside lounge with rum vault,KOH restaurant with southern Thai flavors,11,Four Seasons,Discover unparalleled luxury with panoramic ocean views from your secluded hillside retreat.,"Offering breathtaking ocean views and private infinity pools, these residences redefine luxury living in a tropical paradise."
Four Seasons Private Residences,https://www.fourseasons.com/residences/private_residences/kualalumpur/,"Four Seasons Private Residences Kuala Lumpur, 145 Jalan Ampang",3000000,1000,1000000,12500000,3000,242,2018,completed,high,yes,yes,95,Kuala Lumpur,Malaysia,"Fitness center, private terraces, residents’ lounge, atrium mall access","Swimming Pool, Gym, Parking Space/Garage, Security, On-site Restaurant/Café","24-hour concierge, rooftop pool terrace, spa facilities, business suite, valet parking",Full-length heated rooftop pool,Golden Triangle district location,Access to designer boutiques in atrium mall,10,Four Seasons,Indulge in unparalleled luxury with breathtaking skyline views and exquisite design.,"Offering breathtaking skyline views and direct access to a vibrant shopping district, this residence redefines luxury living in the heart of Kuala Lumpur."
Four Seasons Private Residences,https://www.fourseasons.com/residences/private_residences/kyoto/,"Four Seasons Private Residences Kyoto, Japan  
445-3 Myohoin Maekawa-cho, Higashiyama-ku",8000000,2500,4000000,12000000,3200,57,2016,completed,high,yes,yes,94,Kyoto,Japan,"Private kitchens, fitness center, private cinema, 800-year-old ikeniwa garden","Swimming Pool, Gym, Parking Space/Garage, Private Garden, Security, On-site Restaurant/Café","24-hour concierge, spa facilities, kids’ tent experience, tea house, comfort stations",Indoor pool with whirlpools,EMBA Kyoto Grill dining,800-year-old ikeniwa garden pond,11,Four Seasons,A serene sanctuary blending modern elegance with Kyoto’s timeless cultural heritage.,"Offering breathtaking views of the iconic Kiyomizu-dera Temple, these residences feature private gardens and unparalleled access to Kyoto's cultural treasures."
Four Seasons Private Residences,https://www.fourseasons.com/residences/private_residences/mumbai/,"Four Seasons Private Residences Mumbai, 1/136 Dr. E. Moses Road, Worli, Mumbai, Maharashtra 400018, India.",7500000,2300,3000000,20000000,3260,41,2023,completed,high,yes,yes,95,Mumbai,India,"Private terraces, fitness center, private cinema, residents’ lounge","Swimming Pool, Gym, Parking Space/Garage, Security, On-site Restaurant/Café","24-hour concierge, kids’ playroom, spa facilities, rooftop terrace, valet parking",Rooftop infinity pool with Arabian Sea views,Gensler-designed 65-story tower,Private cinema for residents,10,Four Seasons,Elevate your lifestyle with panoramic Arabian Sea views from your opulent sanctuary.,"Offering breathtaking panoramic views of the Arabian Sea, these residences feature bespoke interiors and unparalleled access to luxury amenities."
Four Seasons Private Residences,https://www.fourseasons.com/residences/private_residences/los_cabos/,"Carretera Transpeninsular Km 19.5, San José del Cabo, B.C.S., Mexico.",8000000,1600,5500000,15000000,5000,64,2023,under construction,high,yes,yes,93,San José del Cabo,Mexico,"Beach club, fitness center, private infinity pools, spa facilities","Swimming Pool, Gym, Parking Space/Garage, Private Garden, Security, On-site Restaurant/Café","Kids’ club, beach access, water sports, outdoor pursuits, valet parking",Private infinity pool per residence,Swimmable beachfront access,Hacienda-style dining options,11,Four Seasons,Indulge in breathtaking ocean views and unparalleled luxury in your private sanctuary.,"Offering breathtaking ocean views and private access to a secluded beach, these residences redefine luxury living in Los Cabos."
Four Seasons Private Residences,https://www.fourseasons.com/residences/private_residences/tamarindo/,"Tamarindo Nature Reserve, La Huerta, Mexico",9500000,1500,8950000,15000000,6300,25,2025,under construction,high,yes,yes,95,La Huerta,Mexico,"Private infinity pools, fitness center, beach club, sustainable farm","Swimming Pool, Gym, Parking Space/Garage, Private Garden, Security, On-site Restaurant/Café","Kids’ club, beach access, water sports, outdoor pursuits, comfort stations",Private infinity pool per residence,"3,000-acre nature reserve beachfront",Coyul dining by Elena Reygadas,11,Four Seasons,Embrace unparalleled oceanfront living with breathtaking panoramic views and bespoke luxury design.,"Overlooking the stunning Pacific coastline, these exclusive residences boast private infinity pools and access to pristine, secluded beaches."
Grand Hyatt Manila Residences,https://grandhyattmanilaresidences.ph/residences/grand-hyatt-manila-residences-south-tower/,"8th Avenue corner 35th Street, Grand Central Park, North BGC",1500000,1050,750000,3500000,1430,188,2023,completed,high,yes,yes,95,Manila,Philippines,"Fitness center, private balconies, game room, kids’ play area","Swimming Pool, Gym, Parking Space/Garage, Security, On-site Restaurant/Café","Kids’ club, whirlpool, yoga room, children’s pool, valet parking",25-meter heated lap pool,No. 8 China House dining,State-of-the-art gym with virtual trainers,10,Grand Hyatt,Elevate your lifestyle with panoramic skyline views from luxurious high-rise sanctuaries.,"Offering breathtaking views of Manila Bay and exclusive amenities like a private infinity pool, this residence redefines luxury living."
Grand Hyatt Gurgaon Residences,https://www.hyatt.com/collection/hyatt-residences-private-residences,"Sector 83, NH 8, Gurugram, Haryana 122018, India.",750000,750,500000,1200000,1000,60,2024,completed,medium,yes,yes,92,Haryana,India,"Private balconies, fitness center, spa facilities, residents’ lounge","Swimming Pool, Gym, Parking Space/Garage, Private Garden, Security, On-site Restaurant/Café","24-hour concierge, kids’ club, rooftop terrace, valet parking, business suite",Outdoor swimming pool with city views,Cena Pranzo Italian trattoria,Parlour lobby lounge with colonial specialties,11,Grand Hyatt,Indulge in luxurious living with stunning skyline views and world-class amenities.,"Overlooking lush green landscapes, these residences boast expansive balconies, private pools, and unparalleled access to premium leisure amenities."
Grand Hyatt Rio de Janeiro Residences,https://www.hyatt.com/collection/hyatt-residences-private-residences,"Avenida Lúcio Costa, 9600 - Barra da Tijuca, Rio de Janeiro - RJ, 22630-012, Brazil.",1200000,600,800000,2500000,2000,40,2016,completed,high,yes,yes,93,Rio de Janeiro,Brazil,"Private balconies, fitness center, spa facilities, private cinema","Swimming Pool, Gym, Parking Space/Garage, Security, On-site Restaurant/Café","24-hour concierge, kids’ club, beach access, sauna, valet parking",Outdoor pool with Barra da Tijuca beach views,Shiso restaurant with Japanese cuisine,Atiaia Spa with Turkish steam bath,10,Grand Hyatt,Luxury oceanfront living meets contemporary elegance with direct access to pristine beaches.,"Overlooking the breathtaking Barra da Tijuca beach, this residence boasts expansive ocean views and exclusive access to luxurious amenities."
Hyatt Regency Danang Residences,https://www.hyatt.com/collection/hyatt-residences-private-residences,"5 Trường Sa, Hòa Hải, Ngũ Hành Sơn, Đà Nẵng, Vietnam.",750000,700,500000,1500000,1076,160,2011,completed,high,no,yes,94,Đà Nẵng,Vietnam,"Private balconies, fitness center, kids’ splash zone, beach club","Swimming Pool, Gym, Parking Space/Garage, Private Garden, Security, On-site Restaurant/Café","Kids’ club, beach access, water sports, spa facilities, sauna",Multiple pools including kids’ inflatable zone,Non Nuoc Beach access,VIE Spa with cold plunge,11,Grand Hyatt,Embrace luxury living with breathtaking oceanfront views and unparalleled resort amenities.,"Set along a pristine beachfront, this residence boasts breathtaking ocean views, private pools, and direct access to world-class golf courses."
Hyatt Place,https://www.hyatt.com/collection/hyatt-residences-private-residences,"Station Touristique de Taghazout, Km 17, Route d’Essaouira",600000,280,500000,800000,2153,20,2015,completed,high,yes,yes,93,Taghazout,Morocco,"Fitness center, private terraces, spa facilities, beach club","Swimming Pool, Gym, Parking Space/Garage, Security, On-site Restaurant/Café","Kids’ club, beach access, water sports, yoga studio, valet parking",Heated outdoor pool with Atlantic views,Surfing at Taghazout Bay,L’Amouage Spa with hammam,10,Grand Hyatt,Embrace breathtaking ocean views from luxurious rooms designed for ultimate relaxation.,"Overlooking stunning ocean vistas, this coastal retreat boasts spacious rooms, a rooftop infinity pool, and direct beach access."
Hyatt Regency Cartagena Residences,https://www.hyatt.com/collection/hyatt-residences-private-residences,"Carrera 1 #12-118, Bocagrande",1000000,833,800000,1500000,1200,24,2016,completed,high,yes,yes,94,Cartagena,Colombia,"Fitness center, private balconies, spa facilities, residents’ lounge","Swimming Pool, Gym, Parking Space/Garage, Security, On-site Restaurant/Café","24-hour concierge, kids’ club, rooftop terrace, valet parking, business center",Rooftop infinity pool with Caribbean Sea views,Seven dining venues including Kokaú,Amacagua Spa with hydrotherapy,10,Grand Hyatt,"Elevated above Cartagena's coastline, these residences boast panoramic ocean views and luxury.","Overlooking the stunning Caribbean Sea, these residences boast expansive terraces, private pools, and direct access to pristine beaches."
Hyatt Regency Creek Heights Residences,https://www.hyatt.com/collection/hyatt-residences-private-residences,"20th Street, Dubai Healthcare City, Bur Dubai",750000,1250,326000,842000,600,405,2015,completed,high,no,yes,95,Dubai,UAE,"Private balconies, fitness center, spa facilities, residents’ lounge","Swimming Pool, Gym, Parking Space/Garage, Security, On-site Restaurant/Café","24-hour concierge, kids’ playroom, sauna, valet parking, business center",Outdoor pool with city skyline views,Twist by Pierre Gagnaire dining,L’Occitane Spa with hammam,10,Grand Hyatt,Discover unparalleled luxury with breathtaking skyline views from every elegant suite.,"Offering breathtaking views of the Dubai Creek and an exclusive rooftop infinity pool, this residence redefines luxury living."
Hyatt Centric Park City Residences,https://www.hyatt.com/collection/hyatt-residences-private-residences,"Hyatt Centric Park City Residences  
3551 N Escala Ct, Canyons Village 
United States",2500000,1000,1000000,4000000,2500,178,2007,completed,high,yes,yes,95,Park City,United States,"Ski-in/ski-out access, fitness center, private terraces, residents’ lounge","Swimming Pool, Gym, Parking Space/Garage, Security, On-site Restaurant/Café","Ski valet, kids’ club, outdoor hot tubs, hiking trails, valet parking",Ski-in/ski-out access to Canyons Village,Heated outdoor pool and hot tubs,Escala Provisions Company dining,10,Grand Hyatt,"Discover luxurious mountain living with ski-in, ski-out access and stunning vistas.","These luxurious residences boast stunning mountain views, direct ski access, and exclusive amenities like a private hot tub and fitness center."
Hyatt Regency Lisbon Residences,https://www.hyatt.com/collection/hyatt-residences-private-residences,"Rua da Junqueira, 63, 1400-200 Lisbon, Portugal.",1250000,1250,650000,2500000,1000,142,2022,completed,high,yes,yes,95,Lisbon,Portugal,"Fitness center, private balconies, spa facilities, residents’ lounge","Swimming Pool, Gym, Parking Space/Garage, Security, On-site Restaurant/Café","24-hour concierge, rooftop terrace, spa facilities, business center, valet parking",Rooftop pool with Tagus River views,Signature dining with Portuguese cuisine,Proximity to Belém cultural district,10,Grand Hyatt,Discover unparalleled luxury with waterfront residences offering breathtaking views of the Tagus.,"These luxurious residences boast breathtaking river views, spacious layouts, and exclusive access to a private rooftop terrace."
Grand Hyatt Grand Cayman Residences,https://grandhyattgrandcaymanresidences.com/,"West Bay Road, Seven Mile Beach, George Town, Cayman Islands",2500000,1250,1000000,5000000,2000,76,2025,under construction,high,yes,yes,95,George Town,Cayman Islands,"Private balconies, fitness center, spa facilities, private cinema","Swimming Pool, Gym, Parking Space/Garage, Private Garden, Security, On-site Restaurant/Café","24-hour concierge, kids’ club, beach access, sauna, valet parking",Three resort-style freshwater pools,"12,000 sq ft destination spa with hammam",Six unique dining venues,11,Grand Hyatt,Discover unparalleled luxury with breathtaking ocean views from your private sanctuary.,"Boasting breathtaking ocean vistas and private beachfront access, these residences redefine luxury living with unparalleled amenities and a vibrant community atmosphere."
Hard Rock Residences,https://residencesdavos.com/,"Tobelmühlestrasse 2, Davos Platz, Switzerland",2000000,1550,1500000,2500000,1292,20,2016,completed,high,yes,yes,95,Davos,Switzerland,"Fitness center, private balconies, spa facilities, residents’ lounge","Swimming Pool, Gym, Parking Space/Garage, Security, On-site Restaurant/Café","24-hour concierge, kids’ club, ski-in/ski-out access, sauna, wellness lounge",Indoor pool with alpine views,Ski-in/ski-out access to Davos slopes,Hard Rock signature dining,10,Hard Rock,Indulge in luxurious alpine living with breathtaking mountain views and world-class amenities.,"Offering breathtaking panoramic mountain views and direct access to world-class skiing, this residence combines luxury with unmatched alpine adventure."
InterContinental Residences,https://bimland.com/project/intercontinental-phu-quoc-long-beach-resort,"InterContinental Residences Phu Quoc, Đường Bãi Trường, Dương Tơ",500000,1000,300000,800000,500,115,2019,completed,high,no,yes,95,Kiên Giang,Vietnam,"Private balconies, fitness center, beach club, spa facilities","Swimming Pool, Gym, Parking Space/Garage, Private Garden, Security, On-site Restaurant/Café","24-hour concierge, kids’ club, beach access, water sports, valet parking",Infinity pool with South China Sea views,Private beachfront access,Ombra Italian dining,11,InterContinental,Step into oceanfront elegance with private residences embracing Phu Quoc's golden shores.,"Overlooking pristine beaches and lush jungles, these residences offer unparalleled luxury with private infinity pools and exclusive concierge services."
InterContinental Residences,https://bimland.com/project/intercontinental-residences-halong-bay,"Peninsula 2, Halong Marina, Hoang Quoc Viet Road, Hung Thang",2500000,1250,280000,4000000,2000,101,2025,under construction,high,no,yes,95,Halong,Vietnam,"Private balconies, fitness center, spa facilities, private marina","Swimming Pool, Gym, Parking Space/Garage, Private Garden, Security, On-site Restaurant/Café","24-hour concierge, kids’ club, marina access, water sports, valet parking",Rooftop pool with Halong Bay views,Private marina for yacht access,Yamazato Japanese dining,11,InterContinental,Discover unparalleled luxury with breathtaking bay views and exclusive overwater villas.,"Offering breathtaking panoramic views of Halong Bay's limestone cliffs, this residence features private terraces and direct access to pristine beaches."
InterContinental Residences,https://www.ihg.com/residences/content/us/en/brands/intercontinental,"InterContinental Residences Nanjing, No. 1 Zhong Yang Road, Gulou District",1500000,1000,800000,2500000,1500,30,2010,completed,high,no,yes,90,Nanjing,China,"Fitness center, private balconies, spa facilities, private cinema","Swimming Pool, Gym, Parking Space/Garage, Security, On-site Restaurant/Café","24-hour concierge, kids’ club, sauna, rooftop terrace, valet parking",Indoor and outdoor pools with city views,Prime Seafood & Steakhouse at 78th floor,Touch Spa with personalized treatments,10,InterContinental,Bask in luxurious living with breathtaking Yangtze River views and exquisite amenities.,"Boasting breathtaking views of the Yangtze River and luxurious amenities, this residence offers unparalleled elegance and exclusivity in Nanjing."
JW Marriott Residences,https://jwmr-istanbultarabya.com/?utm_source=instagram&utm_medium=social&utm_campaign=insta_luxury_campaign&utm_content=image1_v2&utm_term=high_income,"Araba Yolu Cd. No:1, Tarabya, Sarıyer, Turkey",1500000,1000,500000,3500000,1500,215,2025,under construction,high,yes,yes,95,Sarıyer,Turkey,"Private balconies, fitness center, hammam spa, private offices","Swimming Pool, Gym, Parking Space/Garage, Security, On-site Restaurant/Café","24-hour concierge, sauna, kids’ play area, wellness lounge, valet parking",Outdoor swimming pool in 700 sqm facility,VIP massage rooms and hammam spa,20 private entry office units,10,JW Marriott,Elevate your lifestyle with panoramic Bosphorus views and unrivaled modern elegance.,"Offering breathtaking Bosphorus views, these luxurious residences boast private terraces and bespoke services that redefine urban living."