residence_name,website_url,address,avg_price_per_unit,avg_price_per_sqft,budget_start_range,budget_end_range,floor_area_sqft,no_of_units,build_year,development_status,rental_potential,pet_friendly,accessible,confidence score,city,country,feature_names,amenity_names,other_amenities,highlighted_amenity1,highlighted_amenity2,highlighted_amenity3,ameneties_count,associated_brand,brief_subtitle,brief_description
SLS Brickell Residences,https://miamicondoinvestments.com/sls-brickell-residences?,"1300 S Miami Ave, Miami, FL 33130, USA",850000,750,500000,1500000,1134,450,2018,completed,medium,yes,yes,92,Miami,United States,"Private Pool, Spa / Wellness Area, Fitness Room / Gym, Panoramic Views, Private Balcony / Terrace, Residents’ Lounge, Chef’s Kitchen, Private Elevator, Infinity Pool, Home Office, Butler’s Pantry / Service Kitchen","On-site Restaurant/Café, Security Staff, Gated Community, Gym, Concierge Services, Parking Space/Garage, Housekeeping Services, Spa, Business Center, Shared Lounges, Event Spaces/Banquet Halls, Rooftop Amenities, Cinema/Screening Room, Pet-Friendly Facilities, Cold Storage/Package Rooms",,Concierge Services,Spa,Rooftop Amenities,,SLS,Elevate your lifestyle with breathtaking skyline views from luxurious rooftop pools.,"SLS Brickell Residences boast breathtaking panoramic views of Biscayne Bay, complemented by unparalleled access to vibrant nightlife and dining experiences."
SLS Dubai Hotel & Residences,https://all.accor.com/hotel/B5B0/index.en.shtml,"2 Al A'amal Street, Business Bay, Dubai, UAE",1200000,900,600000,2500000,1335,254,2021,completed,high,yes,yes,90,Dubai,UAE,"Private Pool, Spa / Wellness Area, Fitness Room / Gym, Panoramic Views, Private Balcony / Terrace, Residents’ Lounge, Chef’s Kitchen, Private Elevator, Infinity Pool, Home Office","On-site Restaurant/Café, Security Staff, Gated Community, Gym, Concierge Services, Parking Space/Garage, Housekeeping Services, Spa, Business Center, Shared Lounges, Event Spaces/Banquet Halls, Rooftop Amenities, Kids' Play Area, Cold Storage/Package Rooms",,Concierge Services,Spa,Rooftop Amenities,,SLS,"Soar above Dubai with unparalleled skyline views from opulent, sky-high residences.","Offering stunning panoramic views of the Dubai skyline, this residence features luxurious amenities and direct access to vibrant nightlife."
SLS Cancun Residences,https://www.cancunhotelresidence.com/,"Boulevard Kukulcan Km 14.1, Zona Hotelera, 77500 Cancún, Quintana Roo, Mexico",750000,625,400000,1200000,1200,85,2021,completed,high,yes,yes,88,Quintana Roo,Mexico,"Private Pool, Spa / Wellness Area, Fitness Room / Gym, Panoramic Views, Private Balcony / Terrace, Private Cabanas, Beach Club, Beachfront Villas, Residents’ Lounge, Chef’s Kitchen, Infinity Pool","On-site Restaurant/Café, Security Staff, Gated Community, Gym, Concierge Services, Parking Space/Garage, Private Beach Access, Housekeeping Services, Spa, Shared Lounges, Event Spaces/Banquet Halls, Kids' Play Area",,Private Beach Access,Spa,On-site Restaurant/Café,,SLS,Indulge in luxurious oceanfront living with breathtaking views and unparalleled amenities.,"Boasting breathtaking ocean views, these residences feature private rooftop terraces and direct access to pristine beaches, ensuring an unparalleled luxury experience."
SLS Puerto Madero,https://slshotels.com/puerto-madero/,"Av. de los Italianos 801, C1104 CABA, Buenos Aires, Argentina",1100000,850,700000,2000000,1292,58,2022,completed,high,yes,yes,90,Buenos Aires,Argentina,"Private Pool, Spa / Wellness Area, Fitness Room / Gym, Panoramic Views, Private Balcony / Terrace, Residents’ Lounge, Chef’s Kitchen, Private Elevator, Infinity Pool, Home Office","On-site Restaurant/Café, Security Staff, Gated Community, Gym, Concierge Services, Parking Space/Garage, Housekeeping Services, Spa, Business Center, Shared Lounges, Event Spaces/Banquet Halls, Rooftop Amenities, Kids' Play Area, Marina/Yacht Club",,Business Center,Marina/Yacht Club,Rooftop Amenities,,SLS,A striking fusion of avant-garde design and waterfront luxury redefines urban living.,"This striking residence boasts breathtaking waterfront views, luxurious amenities, and direct access to vibrant dining and cultural experiences."
Trump Tower,https://www.721fifth.com/featured-residences,"725 Fifth Avenue, New York, NY 10022, USA",3500000,2500,1500000,10000000,1400,232,1983,completed,high,yes,yes,95,New York,United States,"Spa / Wellness Area, Fitness Room / Gym, Panoramic Views, Private Balcony / Terrace, Residents’ Lounge, Chef’s Kitchen, Private Elevator, Home Office, Butler’s Pantry / Service Kitchen, Wine Cellar / Wine Room","On-site Restaurant/Café, Security Staff, Gated Community, Gym, Concierge Services, Parking Space/Garage, Housekeeping Services, Business Center, Shared Lounges, Cold Storage/Package Rooms",,Concierge Services,Business Center,Gym,,Trump,This iconic skyscraper boasts stunning panoramic views of Manhattan's vibrant skyline.,"Offering breathtaking panoramic views of Central Park and the skyline, this iconic residence boasts luxurious amenities and unparalleled exclusivity."
1 Central Park West,https://www.trumpinternationalrealty.com/property-portfolio/trump-international-hotel-and-tower-new-york,"1 Central Park West, New York, NY 10023, USA",4000000,2800,2000000,12000000,1430,166,1997,completed,high,yes,yes,93,New York,United States,"Spa / Wellness Area, Fitness Room / Gym, Panoramic Views, Private Balcony / Terrace, Residents’ Lounge, Chef’s Kitchen, Private Elevator, Home Office, Butler’s Pantry / Service Kitchen","On-site Restaurant/Café, Security Staff, Gated Community, Gym, Concierge Services, Parking Space/Garage, Housekeeping Services, Spa, Business Center, Shared Lounges, Event Spaces/Banquet Halls, Pet-Friendly Facilities, Cold Storage/Package Rooms",24-Hour Butler Service,On-site Restaurant/Café,Business Center,Event Spaces/Banquet Halls,,Trump,Elevate your lifestyle with breathtaking skyline views and luxurious modern elegance.,"Overlooking Central Park, this residence boasts breathtaking skyline views, luxurious amenities, and direct access to world-class cultural attractions."
Trump Park Avenue,https://www.trump.com/residential-real-estate-portfolio/trump-park-avenue-new-york,"502 Park Avenue, New York, NY 10022, USA",3200000,2300,1200000,8000000,1391,120,1929,completed,high,yes,yes,94,New York,United States,"Spa / Wellness Area, Fitness Room / Gym, Panoramic Views, Private Balcony / Terrace, Residents’ Lounge, Chef’s Kitchen, Private Elevator, Home Office, Butler’s Pantry / Service Kitchen, Wine Cellar / Wine Room","On-site Restaurant/Café, Security Staff, Gated Community, Gym, Concierge Services, Parking Space/Garage, Housekeeping Services, Shared Lounges, Cold Storage/Package Rooms",,Concierge Services,Gym,Business Center,,Trump,"Amidst the city's vibrancy, indulge in timeless elegance and unparalleled luxury.","This luxurious residence boasts breathtaking skyline views, private terraces, and exceptional amenities that redefine urban living in Manhattan."
Trump World Tower,https://www.trump.com/residential-real-estate-portfolio/trump-world-tower-new-york,"845 United Nations Plaza, New York, NY 10017, USA",4500000,2100,1800000,15000000,2143,376,2001,completed,high,yes,yes,92,New York,United States,"Spa / Wellness Area, Fitness Room / Gym, Panoramic Views, Private Balcony / Terrace, Residents’ Lounge, Chef’s Kitchen, Private Elevator, Home Office, Private Garage","On-site Restaurant/Café, Security Staff, Gated Community, Gym, Concierge Services, Parking Space/Garage, Housekeeping Services, Spa, Shared Lounges, Cold Storage/Package Rooms",,Concierge Services,Gym,Spa,,Trump,This luxurious skyscraper boasts stunning panoramic views of the iconic Manhattan skyline.,"Rising above the city, this luxurious residence boasts breathtaking panoramic views of Central Park and the Hudson River, alongside unparalleled amenities."
Trump Parc,https://www.trump.com/residential-real-estate-portfolio/trump-parc-new-york,"106 Central Park South, New York, NY 10019, USA",2800000,2200,1000000,7000000,1273,340,1929,completed,high,yes,yes,93,New York,United States,"Spa / Wellness Area, Fitness Room / Gym, Panoramic Views, Private Balcony / Terrace, Residents’ Lounge, Chef’s Kitchen, Private Elevator, Home Office, Butler’s Pantry / Service Kitchen","On-site Restaurant/Café, Security Staff, Gated Community, Gym, Concierge Services, Parking Space/Garage, Housekeeping Services, Shared Lounges, Cold Storage/Package Rooms",,On-site Restaurant/Café,Concierge Services,Gym,,Trump,Elevate your lifestyle with breathtaking Central Park views from luxurious heights.,"This luxurious residence boasts stunning Central Park views, exceptional amenities, and unparalleled access to the vibrant heart of Manhattan."
Trump Park East,https://www.trump.com/residential-real-estate-portfolio/trump-parc-east-new-york,"1001 East 59th Street, New York, NY 10022, USA",1500000,1800,800000,3000000,833,81,1929,completed,medium,yes,yes,95,New York,United States,"Spa / Wellness Area, Fitness Room / Gym, Panoramic Views, Private Balcony / Terrace, Residents’ Lounge, Chef’s Kitchen, Home Office","On-site Restaurant/Café, Security Staff, Gated Community, Gym, Concierge Services, Parking Space/Garage, Housekeeping Services, Shared Lounges, Cold Storage/Package Rooms",,Concierge Services,Gym,On-site Restaurant/Café,,Trump,Discover luxurious living with breathtaking skyline views and exquisite modern amenities.,"This luxurious residence boasts breathtaking panoramic views of Central Park and offers unparalleled amenities, including a private fitness center and a rooftop terrace."
220 Riverside Boulevard,https://www.trump.com/residential-real-estate-portfolio/220-riverside-boulevard-new-york,"220 Riverside Boulevard, New York, NY 10069, USA",3000000,1900,1500000,6000000,1579,430,2002,completed,high,yes,yes,95,New York,United States,"Spa / Wellness Area, Fitness Room / Gym, Panoramic Views, Private Balcony / Terrace, Residents’ Lounge, Chef’s Kitchen, Private Elevator, Home Office, Butler’s Pantry / Service Kitchen","On-site Restaurant/Café, Security Staff, Gated Community, Gym, Concierge Services, Parking Space/Garage, Housekeeping Services, Spa, Shared Lounges, Event Spaces/Banquet Halls, Children’s Play Area, Cold Storage/Package Rooms","Library, English Billiards Room, Indoor Pool",Concierge Services,Spa,Event Spaces/Banquet Halls,,Trump,"Soaring above the Hudson, this luxury haven offers breathtaking waterfront panoramas.","Overlooking the Hudson River, this residence boasts expansive terraces, breathtaking sunset views, and a private wine cellar for connoisseurs."
240 Riverside Boulevard,https://www.trump.com/residential-real-estate-portfolio/240-riverside-boulevard-new-york,"240 Riverside Boulevard, New York, NY 10069, USA",3800000,2000,2000000,8000000,1900,141,2004,completed,high,yes,yes,94,New York,United States,"Spa / Wellness Area, Fitness Room / Gym, Panoramic Views, Private Balcony / Terrace, Residents’ Lounge, Chef’s Kitchen, Private Elevator, Home Office, Butler’s Pantry / Service Kitchen","On-site Restaurant/Café, Security Staff, Gated Community, Gym, Concierge Services, Parking Space/Garage, Housekeeping Services, Spa, Shared Lounges, Event Spaces/Banquet Halls, Children’s Play Area, Cold Storage/Package Rooms","Indoor Pool, Private Theatre",Concierge Services,Spa,Event Spaces/Banquet Halls,,Trump,Elevate your lifestyle with breathtaking Hudson River views and luxurious amenities.,"240 Riverside Boulevard boasts breathtaking views of the Hudson River, expansive outdoor spaces, and unparalleled access to Riverside Park."
Trump Place 200 Riverside Boulevard,https://www.trump.com/residential-real-estate-portfolio/200-riverside-boulevard-new-york,"200 Riverside Boulevard, New York, NY 10069, USA",2500000,1700,1200000,5000000,1471,363,1997,completed,high,yes,yes,95,New York,United States,"Spa / Wellness Area, Fitness Room / Gym, Panoramic Views, Private Balcony / Terrace, Residents’ Lounge, Chef’s Kitchen, Private Elevator, Home Office","On-site Restaurant/Café, Security Staff, Gated Community, Gym, Concierge Services, Parking Space/Garage, Housekeeping Services, Spa, Shared Lounges, Event Spaces/Banquet Halls, Kids' Play Area, Cold Storage/Package Rooms",,Concierge Services,Spa,Event Spaces/Banquet Halls,,Trump,Breathtaking river views and luxurious amenities redefine urban living at this stunning residence.,"This luxurious residence boasts sweeping views of the Hudson River and Central Park, along with exceptional amenities and spacious layouts."
Trump Palace,https://www.trump.com/residential-real-estate-portfolio/trump-palace-new-york,"200 East 69th Street, New York, NY 10021, USA",3000000,2000,1500000,7000000,1500,283,1991,completed,high,yes,yes,94,New York,United States,"Spa / Wellness Area, Fitness Room / Gym, Panoramic Views, Private Balcony / Terrace, Residents’ Lounge, Chef’s Kitchen, Private Elevator, Home Office, Butler’s Pantry / Service Kitchen, Private Garage","On-site Restaurant/Café, Security Staff, Gated Community, Gym, Concierge Services, Parking Space/Garage, Housekeeping Services, Shared Lounges, Kids' Play Area, Cold Storage/Package Rooms",,On-site Restaurant/Café,Gym,Kids' Play Area,,Trump,"Rising majestically, this architectural gem offers unparalleled panoramic views of Manhattan.","This luxurious residence boasts breathtaking panoramic views of Central Park and the Manhattan skyline, complemented by exclusive amenities and a prime location."
Trump Plaza,https://www.trump.com/residential-real-estate-portfolio/trump-plaza-new-rochelle-new-york,"167 East 61st Street, New York, NY 10065, USA",2200000,1900,1000000,4500000,1158,202,1984,completed,medium,yes,yes,88,New York,United States,"Fitness Room / Gym, Panoramic Views, Private Balcony / Terrace, Residents’ Lounge, Chef’s Kitchen, Private Elevator, Home Office","On-site Restaurant/Café, Security Staff, Gated Community, Gym, Concierge Services, Parking Space/Garage, Housekeeping Services, Shared Lounges, Cold Storage/Package Rooms",,Concierge Services,Gym,On-site Restaurant/Café,,Trump,Elevate your lifestyle with breathtaking Central Park views from luxurious heights.,"This luxurious residence boasts breathtaking panoramic views of Central Park and the Manhattan skyline, alongside unparalleled amenities and exclusive services."
Trump Residences at 610 Park Avenue,https://www.trump.com/residential-real-estate-portfolio/trump-610-park-avenue-new-york,"610 Park Avenue, New York, NY 10065, USA",3500000,2400,1800000,8000000,1458,125,1925,completed,high,yes,yes,93,New York,United States,"Spa / Wellness Area, Fitness Room / Gym, Panoramic Views, Private Balcony / Terrace, Residents’ Lounge, Chef’s Kitchen, Private Elevator, Home Office, Butler’s Pantry / Service Kitchen","On-site Restaurant/Café, Security Staff, Gated Community, Gym, Concierge Services, Parking Space/Garage, Housekeeping Services, Shared Lounges, Event Spaces/Banquet Halls, Cold Storage/Package Rooms",,On-site Restaurant/Café,Concierge Services,Event Spaces/Banquet Halls,,Trump,Indulge in luxurious living with breathtaking skyline views from exquisite residences.,"Offering stunning views of Central Park and luxurious amenities, this residence combines elegance with an unbeatable location on Park Avenue."
Trump Towers,https://www.trump.com/residential-real-estate-portfolio/trump-tower-sunny-isles-florida,"Trump Tower Sunny Isles Beach  
16001 Collins Ave, Sunny Isles Beach, FL 33160, United States",1800000,900,1000000,3500000,2000,813,2008,completed,high,yes,yes,95,Sunny Isles Beach,United States,"Private Pool, Spa / Wellness Area, Fitness Room / Gym, Panoramic Views, Private Balcony / Terrace, Private Cabanas, Beach Club, Beachfront Villas, Residents’ Lounge, Chef’s Kitchen, Private Elevator, Infinity Pool","On-site Restaurant/Café, Security Staff, Gated Community, Gym, Concierge Services, Parking Space/Garage, Private Beach Access, Housekeeping Services, Spa, Shared Lounges, Event Spaces/Banquet Halls, Rooftop Amenities, Cold Storage/Package Rooms",,Private Beach Access,Spa,Rooftop Amenities,,Trump,"Soaring above pristine shores, this architectural marvel offers unparalleled oceanfront luxury.","Offering breathtaking ocean views, luxurious amenities, and direct beach access, this residence stands out for its exclusive lifestyle experience."
Trump Tower Residences,https://www.trump.com/residential-real-estate-portfolio/trump-towers-istanbul-turkey,"Trump Tower Residences Istanbul, 1. Levent Mahallesi, Büyükdere Cad. No: 1, 34330 Şişli/Istanbul, Turkey",1200000,1000,600000,2500000,1200,205,2010,completed,medium,yes,yes,90,Istanbul,Turkey,"Private Pool, Spa / Wellness Area, Fitness Room / Gym, Panoramic Views, Private Balcony / Terrace, Residents’ Lounge, Chef’s Kitchen, Private Elevator, Infinity Pool, Home Office","On-site Restaurant/Café, Security Staff, Gated Community, Gym, Concierge Services, Parking Space/Garage, Housekeeping Services, Spa, Business Center, Shared Lounges, Event Spaces/Banquet Halls, Shopping Center/Retail Stores, Cold Storage/Package Rooms",,Concierge Services,Spa,Shopping Center/Retail Stores,,Trump,"Elevate your lifestyle with breathtaking Bosphorus views from luxurious, modern residences.","Overlooking the Bosphorus, these luxurious residences boast expansive terraces, unparalleled city views, and exclusive access to premium amenities."
Trump Tower Residences,https://www.trump.com/residential-real-estate-portfolio/trump-tower-makati-philippines,"163 H.V. Dela Costa Street, Salcedo Village, Makati City, Philippines",350000,600,200000,1000000,583,260,2017,completed,high,yes,yes,85,Makati City,Philippines,"Spa / Wellness Area, Fitness Room / Gym, Panoramic Views, Private Balcony / Terrace, Residents’ Lounge, Chef’s Kitchen, Private Elevator, Infinity Pool, Home Office","On-site Restaurant/Café, Security Staff, Gated Community, Gym, Concierge Services, Parking Space/Garage, Housekeeping Services, Spa, Business Center, Shared Lounges, Event Spaces/Banquet Halls, Rooftop Amenities, Cold Storage/Package Rooms",,On-site Restaurant/Café,Rooftop Amenities,Spa,,Trump,"Soaring above Makati, this architectural masterpiece redefines luxury with panoramic skyline views.","Offering breathtaking views of the Makati skyline and exclusive amenities, this residence redefines luxury living in the city."
Trump Tower City Center,https://www.trump.com/residential-real-estate-portfolio/trump-tower-city-center-white-plains-new-york,"10 City Place, White Plains, NY 10601, USA",750000,600,400000,1500000,1250,212,2005,completed,medium,yes,yes,95,New York,United States,"Fitness Room / Gym, Panoramic Views, Private Balcony / Terrace, Residents’ Lounge, Chef’s Kitchen, Private Elevator, Infinity Pool, Home Office","On-site Restaurant/Café, Security Staff, Gated Community, Gym, Concierge Services, Parking Space/Garage, Housekeeping Services, Spa, Tennis Courts, Kids' Play Area, Sports Facilities, Cold Storage/Package Rooms",,Concierge Services,Spa,Tennis Courts,,Trump,Discover luxurious urban living with breathtaking skyline views and unparalleled amenities.,"Rising above the city, this luxurious residence boasts breathtaking skyline views, exceptional amenities, and unparalleled access to vibrant urban life."
Trump Residences,https://www.721fifth.com/,"200 Riverside Boulevard, New York, NY 10069, USA",2500000,1700,1200000,5000000,1471,363,1997,completed,high,yes,yes,95,New York,United States,"Spa / Wellness Area, Fitness Room / Gym, Panoramic Views, Private Balcony / Terrace, Residents’ Lounge, Chef’s Kitchen, Private Elevator, Home Office","On-site Restaurant/Café, Security Staff, Gated Community, Gym, Concierge Services, Parking Space/Garage, Housekeeping Services, Spa, Shared Lounges, Event Spaces/Banquet Halls, Kids' Play Area, Cold Storage/Package Rooms",,On-site Restaurant/Café,Concierge Services,Event Spaces/Banquet Halls,,Trump,"Soaring above Manhattan, these luxury residences redefine elegance with breathtaking skyline views.","Offering breathtaking views of the skyline and Central Park, these residences feature luxurious amenities and unparalleled privacy in a prime location."
Trump Plaza,https://www.trump.com/residential-real-estate-portfolio/trump-plaza-new-jersey,"2500 Boardwalk, Atlantic City, NJ 08401, United States",250000,300,150000,500000,833,906,1984,CLOSED,medium,yes,yes,92,Atlantic City,United States,,,,,,,,Trump,"Rising majestically, this property offers breathtaking ocean views and luxurious amenities.","Overlooking the vibrant Atlantic City skyline, this luxurious residence boasts expansive ocean views and direct beach access, ensuring an unparalleled coastal lifestyle."
Trump Bay Street,https://www.trump.com/residential-real-estate-portfolio/trump-bay-street-new-jersey,"1000 Bay Street, Jersey City, NJ 07305, United States",800000,900,500000,1500000,889,447,2017,completed,high,yes,yes,94,Jersey City,United States,"Fitness Room / Gym, Panoramic Views, Private Balcony / Terrace, Residents’ Lounge, Chef’s Kitchen, Private Elevator, Home Office","On-site Restaurant/Café, Security Staff, Gated Community, Gym, Concierge Services, Parking Space/Garage, Housekeeping Services, Shared Lounges, Cold Storage/Package Rooms",,Concierge Services,Gym,On-site Restaurant/Café,,Trump,Discover luxurious waterfront living with breathtaking views and unparalleled amenities.,"Situated along the waterfront, this residence boasts breathtaking views of the Manhattan skyline and unparalleled luxury amenities, including a private marina."
Park Tower Stamford,https://www.trump.com/residential-real-estate-portfolio/trump-parc-stamford-connecticut,"101 Park Place, Stamford, CT 06901, United States",1000000,650,600000,2000000,1538,170,2009,completed,medium,yes,yes,94,Stamford,United States,"Fitness Room / Gym, Panoramic Views, Private Balcony / Terrace, Residents’ Lounge, Chef’s Kitchen, Private Elevator, Home Office","On-site Restaurant/Café, Security Staff, Gated Community, Gym, Concierge Services, Parking Space/Garage, Housekeeping Services, Shared Lounges, Cold Storage/Package Rooms",,Concierge Services,Gym,On-site Restaurant/Café,,Trump,"Soaring above the city, this architectural gem offers breathtaking panoramic skyline views.","Offering stunning panoramic views of Long Island Sound, this residence boasts exclusive amenities like a rooftop terrace and private beach access."
Trump International,https://www.trump.com/residential-real-estate-portfolio/trump-international-hotel-tower-waikiki-hawaii,"Trump International Hotel Waikiki, 223 Saratoga Road, Honolulu, HI 96815, USA",1200000,1500,700000,2500000,800,462,2009,completed,high,yes,yes,95,Honolulu,United States,"Spa / Wellness Area, Fitness Room / Gym, Panoramic Views, Private Balcony / Terrace, Residents’ Lounge, Chef’s Kitchen, Infinity Pool, Home Office, Private Cabanas, Beach Club","On-site Restaurant/Café, Security Staff, Gated Community, Gym, Concierge Services, Parking Space/Garage, Housekeeping Services, Spa, Business Center, Shared Lounges, Rooftop Amenities, Cold Storage/Package Rooms",,Private Beach Access,Spa,Rooftop Amenities,,Trump,Enjoy breathtaking ocean views from every luxurious suite in this paradise.,"Overlooking stunning ocean vistas, this luxurious residence features private balconies, an infinity pool, and unparalleled access to vibrant local culture."
Trump International,https://www.trump.com/residential-real-estate-portfolio/trump-international-hotel-tower-chicago,"Trump International Hotel & Tower Chicago, 401 N Wabash Ave, Chicago, IL 60611, USA",1500000,1200,800000,3500000,1250,486,2009,completed,high,yes,yes,96,Chicago,United States,"Spa / Wellness Area, Fitness Room / Gym, Panoramic Views, Private Balcony / Terrace, Residents’ Lounge, Chef’s Kitchen, Private Elevator, Home Office, Butler’s Pantry / Service Kitchen","On-site Restaurant/Café, Security Staff, Gated Community, Gym, Concierge Services, Parking Space/Garage, Housekeeping Services, Spa, Business Center, Shared Lounges, Event Spaces/Banquet Halls, Cold Storage/Package Rooms",,Concierge Services,Spa,On-site Restaurant/Café,,Trump,Indulge in breathtaking skyline views from luxurious rooms with floor-to-ceiling windows.,"This luxurious residence boasts stunning panoramic views of Lake Michigan and the Chicago skyline, alongside unparalleled amenities and personalized services."
Trump International,https://www.trump.com/residential-real-estate-portfolio/trump-international-las-vegas-nevada,"2000 Fashion Show Dr, Las Vegas, NV 89109, USA",650000,1000,400000,1200000,650,1282,2008,completed,high,yes,yes,95,Las Vegas,United States,"Spa / Wellness Area, Fitness Room / Gym, Panoramic Views, Private Balcony / Terrace, Residents’ Lounge, Chef’s Kitchen, Private Elevator, Infinity Pool, Home Office","On-site Restaurant/Café, Security Staff, Gated Community, Gym, Concierge Services, Parking Space/Garage, Housekeeping Services, Spa, Business Center, Shared Lounges, Event Spaces/Banquet Halls, Cold Storage/Package Rooms",,Concierge Services,Business Center,Event Spaces/Banquet Halls,,Trump,"Soaring above the Strip, this gold-clad sanctuary offers unparalleled luxury and exclusivity.",This luxurious residence boasts stunning panoramic views of the Las Vegas Strip and offers exclusive amenities like a world-class spa and personalized concierge services.
Trump Towers,https://www.trump.com/residential-real-estate-portfolio/trump-tower-sunny-isles-florida,"16001 Collins Ave, Sunny Isles Beach, FL 33160, United States",1800000,900,1000000,3500000,2000,813,2008,completed,high,yes,yes,95,Sunny Isles Beach,United States,,,,,,,,Trump,Soaring elegance meets oceanfront luxury with breathtaking panoramic views of Sunny Isles.,"Situated along a stunning stretch of coastline, this luxurious residence boasts breathtaking ocean views and exceptional amenities, ensuring an unparalleled lifestyle experience."
Trump,https://www.trump.com/residential-real-estate-portfolio/trump-hollywood-florida,"2711 S Ocean Dr, Hollywood, FL 33019, USA",1600000,800,900000,3000000,2000,200,2009,completed,high,yes,yes,94,Hollywood,United States,"Private Pool, Spa / Wellness Area, Fitness Room / Gym, Panoramic Views, Private Balcony / Terrace, Private Cabanas, Beach Club, Beachfront Villas, Residents’ Lounge, Chef’s Kitchen, Private Elevator, Infinity Pool","On-site Restaurant/Café, Security Staff, Gated Community, Gym, Concierge Services, Parking Space/Garage, Private Beach Access, Housekeeping Services, Spa, Shared Lounges, Event Spaces/Banquet Halls, Rooftop Amenities, Cold Storage/Package Rooms",,Private Beach Access,Spa,Rooftop Amenities,,Trump,Discover luxurious living with breathtaking views of the iconic Hollywood skyline.,"This luxurious residence boasts stunning panoramic views of the iconic skyline and offers exclusive amenities, including a private rooftop lounge and a state-of-the-art fitness center."
Trump Tower,https://www.trump.com/residential-real-estate-portfolio/trump-tower-mumbai-india,"1, Balraj Sahni Marg, Lower Parel, Mumbai, Maharashtra 400013, India",2500000,900,1500000,5000000,2777,78,2019,completed,high,yes,yes,92,Mumbai,United States,"Private Pool, Spa / Wellness Area, Fitness Room / Gym, Panoramic Views, Private Balcony / Terrace, Residents’ Lounge, Chef’s Kitchen, Private Elevator, Infinity Pool, Home Office, Home Theater","On-site Restaurant/Café, Security Staff, Gated Community, Gym, Concierge Services, Parking Space/Garage, Housekeeping Services, Spa, Business Center, Shared Lounges, Event Spaces/Banquet Halls, Rooftop Amenities, Cold Storage/Package Rooms",,Concierge Services,Spa,Rooftop Amenities,,Trump,"Soaring above Mumbai, this architectural marvel redefines luxury with breathtaking skyline views.","Offering breathtaking views of the Arabian Sea and the city skyline, this luxury residence features unparalleled amenities and exceptional privacy."
Trump Tower,https://www.trump.com/residential-real-estate-portfolio/trump-tower-kolkata-india,"1, Old Park Street, Kolkata, West Bengal 700017, India",700000,200,500000,1000000,3500,137,2025,under construction,medium,yes,yes,90,Kolkata,India,"Private Pool, Spa / Wellness Area, Fitness Room / Gym, Panoramic Views, Private Balcony / Terrace, Residents’ Lounge, Chef’s Kitchen, Private Elevator, Infinity Pool, Home Office, Game Room / Entertainment Area","On-site Restaurant/Café, Security Staff, Gated Community, Gym, Concierge Services, Parking Space/Garage, Housekeeping Services, Spa, Business Center, Shared Lounges, Event Spaces/Banquet Halls, Rooftop Amenities, Kids' Play Area, Cold Storage/Package Rooms",,Concierge Services,Spa,Rooftop Amenities,,Trump,"Soaring above Kolkata, this architectural marvel offers breathtaking panoramic city views.","Rising majestically in the skyline, this luxurious residence boasts breathtaking views of the Hooghly River and unparalleled amenities."
Trump Tower,https://www.trump.com/residential-real-estate-portfolio/trump-tower-delhi-ncr-india,"Netaji Subhash Place, Pitampura, Delhi 110034, India",2000000,500,1200000,4000000,4000,254,2025,under construction,high,yes,yes,91,Delhi,India,"Private Pool, Spa / Wellness Area, Fitness Room / Gym, Panoramic Views, Private Balcony / Terrace, Residents’ Lounge, Chef’s Kitchen, Private Elevator, Infinity Pool, Home Office","On-site Restaurant/Café, Security Staff, Gated Community, Gym, Concierge Services, Parking Space/Garage, Housekeeping Services, Spa, Business Center, Shared Lounges, Event Spaces/Banquet Halls, Golf Course Access, Kids' Play Area, Cold Storage/Package Rooms",,Golf Course Access,"Business Center,",Concierge Services,,Trump,This luxurious skyscraper boasts breathtaking views of the vibrant Delhi skyline.,"This luxurious residence boasts breathtaking views of the iconic Aravalli Range and unparalleled amenities, redefining opulence in urban living."
Trump Tower,https://www.trump.com/residential-real-estate-portfolio/trump-towers-pune-india,"22, Mangaldas Road, Pune, Maharashtra 411001, India",1500000,600,1000000,2500000,2500,46,2016,completed,high,yes,yes,93,Pune,India,"Private Pool, Spa / Wellness Area, Fitness Room / Gym, Panoramic Views, Private Balcony / Terrace, Residents’ Lounge, Chef’s Kitchen, Private Elevator, Infinity Pool, Home Office, Home Theater","On-site Restaurant/Café, Security Staff, Gated Community, Gym, Concierge Services, Parking Space/Garage, Housekeeping Services, Spa, Business Center, Shared Lounges, Event Spaces/Banquet Halls, Art Gallery/Exhibition Space, Cold Storage/Package Rooms",,Spa,Business Center,Art Gallery/Exhibition Space,,Trump,"Soaring with opulence, this architectural masterpiece redefines luxury in Pune's skyline.","Rising majestically, this luxury residence boasts panoramic views of the lush Sahyadri mountains and the serene waterfront, offering unparalleled elegance and exclusivity."
Trump Residences,https://www.trump.com/residential-real-estate-portfolio,"Jl. Raya Nusa Dua Selatan, Benoa, Kuta Selatan, Badung, Bali 80363, Indonesia",1800000,900,1200000,3000000,2000,208,2025,under construction,high,yes,yes,91,Bali,Indonesia,"Private Pool, Spa / Wellness Area, Fitness Room / Gym, Panoramic Views, Private Balcony / Terrace, Private Cabanas, Beach Club, Beachfront Villas, Residents’ Lounge, Chef’s Kitchen, Private Elevator, Infinity Pool","On-site Restaurant/Café, Security Staff, Gated Community, Gym, Concierge Services, Parking Space/Garage, Private Beach Access, Housekeeping Services, Spa, Business Center, Shared Lounges, Event Spaces/Banquet Halls, Golf Course Access, Rooftop Amenities, Cold Storage/Package Rooms",,Private Beach Access,Golf Course Access,Spa,,Trump,Discover unparalleled luxury with breathtaking ocean views and world-class amenities.,"Overlooking pristine beaches and lush landscapes, this residence boasts private access to secluded coves and world-class amenities."
Trump Residences,https://www.trump.com/residential-real-estate-portfolio/trump-residences-lido,"Trump Residences Lido, Jl. Raya Lido, Lido, Bogor, West Java 16780, Indonesia",1200000,600,800000,2000000,2000,150,2025,under construction,medium,yes,yes,90,West Java,Indonesia,"Private Pool, Spa / Wellness Area, Fitness Room / Gym, Panoramic Views, Private Balcony / Terrace, Residents’ Lounge, Chef’s Kitchen, Private Elevator, Infinity Pool, Home Office","On-site Restaurant/Café, Security Staff, Gated Community, Gym, Concierge Services, Parking Space/Garage, Housekeeping Services, Spa, Business Center, Shared Lounges, Event Spaces/Banquet Halls, Golf Course Access, Rooftop Amenities, Cold Storage/Package Rooms",,Golf Course Access,Spa,Concierge Services,,Trump,Discover luxurious beachfront living with breathtaking ocean views and exquisite amenities.,"Overlooking pristine beaches and lush landscapes, these residences boast private infinity pools and unparalleled access to vibrant local culture."
Trump World,https://www.trump.com/residential-real-estate-portfolio/trump-world-seoul-south-korea,"Trump World Tower, 30, Teheran-ro 87-gil, Gangnam-gu, Seoul, South Korea",1200000,800,800000,2000000,1500,1056,2007,completed,high,yes,yes,93,Seoul,South Korea,,,,,,,,Trump,"Rising above Seoul's skyline, this luxurious haven offers panoramic cityscape serenity.","This luxurious residence boasts breathtaking skyline views, exclusive access to top-tier amenities, and a prime location near vibrant cultural hotspots."
Trump Towers,https://www.trump.com/residential-real-estate-portfolio/trump-towers-istanbul-turkey,"Trump Towers Istanbul, 34360 Şişli, Istanbul, Turkey",1000000,700,600000,1800000,1428,205,2012,completed,medium,yes,yes,94,Istanbul,Turkey,"Private Pool, Spa / Wellness Area, Fitness Room / Gym, Panoramic Views, Private Balcony / Terrace, Residents’ Lounge, Chef’s Kitchen, Private Elevator, Infinity Pool, Home Office","On-site Restaurant/Café, Security Staff, Gated Community, Gym, Concierge Services, Parking Space/Garage, Housekeeping Services, Spa, Business Center, Shared Lounges, Event Spaces/Banquet Halls, Shopping Center/Retail Stores, Cold Storage/Package Rooms",,Spa,Shopping Center/Retail Stores,Business Center,,Trump,"Rising majestically, these twin towers offer panoramic Bosphorus views and luxurious living.","Overlooking the Bosphorus, this luxury residence boasts stunning panoramic views, exceptional amenities, and direct access to vibrant urban life."
Trump Tower at Century City,https://www.trump.com/residential-real-estate-portfolio/trump-tower-makati-philippines,"100 Kalayaan Avenue, Makati, Metro Manila, Philippines",500000,800,300000,1500000,625,220,2017,completed,high,yes,yes,95,Manila,Philippines,"Spa / Wellness Area, Fitness Room / Gym, Panoramic Views, Private Balcony / Terrace, Residents’ Lounge, Chef’s Kitchen, Private Elevator, Infinity Pool, Home Office, Home Theater","On-site Restaurant/Café, Security Staff, Gated Community, Gym, Concierge Services, Parking Space/Garage, Housekeeping Services, Spa, Business Center, Shared Lounges, Event Spaces/Banquet Halls, Shopping Center/Retail Stores, Cold Storage/Package Rooms",,Event Spaces/Banquet Halls,Business Center,Spa,,Trump,Discover unparalleled luxury with stunning panoramic views of Manila's vibrant skyline.,"Offering breathtaking views of the Manila skyline and exclusive amenities, this residence redefines luxury living in the city."
Trump Residences,https://www.trump.com/residential-real-estate-portfolio/trump-residences-oman,"Aida Community, Muscat, Oman",2000000,1000,1500000,4000000,2000,150,2028,under construction,high,yes,yes,92,Muscat,Oman,"Private Pool, Spa / Wellness Area, Fitness Room / Gym, Panoramic Views, Private Balcony / Terrace, Private Cabanas, Beach Club, Beachfront Villas, Residents’ Lounge, Chef’s Kitchen, Private Elevator, Infinity Pool, Home Theater","On-site Restaurant/Café, Security Staff, Gated Community, Gym, Concierge Services, Parking Space/Garage, Private Beach Access, Housekeeping Services, Spa, Business Center, Shared Lounges, Event Spaces/Banquet Halls, Golf Course Access, Rooftop Amenities, Cold Storage/Package Rooms",,Private Beach Access,Golf Course Access,Spa,,Trump,"Amid breathtaking mountain vistas, indulge in unparalleled luxury fused with Omani elegance.","Overlooking the stunning coastline, these residences boast expansive terraces, private pools, and unparalleled access to luxurious amenities and breathtaking views."
Trump Tower,https://www.trump.com/hotels/trump-tower-jeddah,"1st Floor, Jeddah Corniche, Jeddah, 21577, Saudi Arabia",1500000,750,800000,3000000,2000,350,2029,under construction,high,yes,yes,94,Jeddah,Saudi Arabia,"Private Pool, Spa / Wellness Area, Fitness Room / Gym, Panoramic Views, Private Balcony / Terrace, Residents’ Lounge, Chef’s Kitchen, Private Elevator, Infinity Pool, Home Office, Home Theater","On-site Restaurant/Café, Security Staff, Gated Community, Gym, Concierge Services, Parking Space/Garage, Housekeeping Services, Spa, Business Center, Shared Lounges, Event Spaces/Banquet Halls, Rooftop Amenities, Shopping Center/Retail Stores, Cold Storage/Package Rooms",,On-site Restaurant/Café,Spa,Shopping Center/Retail Stores,,Trump,"Soaring with elegance, this skyscraper offers breathtaking Red Sea vistas.","Overlooking the Red Sea, this luxurious residence boasts breathtaking views, opulent amenities, and unparalleled access to vibrant urban life."
The Vue,https://www.yooresidences.com/property/the-vue/,"Corniche Road, Jeddah, Saudi Arabia",1200000,600,700000,2000000,2000,144,2025,under construction,high,yes,yes,90,Jeddah,Saudi Arabia,"Spa / Wellness Area, Fitness Room / Gym, Panoramic Views, Private Balcony / Terrace, Residents’ Lounge, Chef’s Kitchen, Private Elevator, Infinity Pool, Home Office","On-site Restaurant/Café, Security Staff, Gated Community, Gym, Concierge Services, Parking Space/Garage, Housekeeping Services, Spa, Business Center, Shared Lounges, Event Spaces/Banquet Halls, Rooftop Amenities, Cold Storage/Package Rooms",,Concierge Services,Spa,Rooftop Amenities,,Yoo,Discover breathtaking Red Sea views from every luxurious room and balcony.,"The Vue boasts breathtaking panoramic views of the Red Sea and luxurious amenities, including a private beach and rooftop infinity pool."
The Atria,https://www.yooresidences.com/property/the-atria/,"Al Jaddaf, Dubai, UAE",400000,450,250000,600000,889,219,2017,completed,high,yes,yes,94,Dubai,UAE,"Infinity Pool, Spa / Wellness Area, Fitness Room / Gym, Panoramic Views, Private Balcony / Terrace, Chef’s Kitchen, Home Office","On-site Restaurant/Café, Security Staff, Gated Community, Concierge Services, Parking Space/Garage, Rooftop Amenities, Housekeeping Services, Spa, Business Center, Shared Lounges, Green Spaces/Parks",,Business Center,Rooftop Amenities,Spa,,Yoo,Bask in luxurious serenity with stunning views of the iconic Dubai skyline.,The Atria boasts stunning panoramic views of the Dubai skyline and offers residents exclusive access to a private rooftop infinity pool and lush landscaped gardens.
Mira Moon,https://www.yooresidences.com/property/mira-moon/,"388 Jaffe Road, Wanchai, Hong Kong",1000000,2000,800000,1500000,500,91,2013,completed,medium,no,yes,92,Wanchai,Hong Kong,Fitness Room / Gym,"On-site Restaurant/Café, Concierge Services, Housekeeping Services",,On-site Restaurant/Café,Concierge Services,Housekeeping Services,,Yoo,A stunning fusion of modern design and mythical Chinese folklore awaits you.,"Boasting breathtaking panoramic views of Victoria Harbour, this residence features luxurious amenities and exclusive access to vibrant nightlife."
The Baglioni,https://www.yooresidences.com/property/the-baglioni-marrakech/,"Avenue de la Ménara, Marrakech 40000, Morocco",1500000,750,1000000,2500000,2000,15,2010,completed,medium,yes,yes,93,Marrakech,Morocco,"Private Pool, Spa / Wellness Area, Panoramic Views, Private Balcony / Terrace, Chef’s Kitchen, Outdoor Kitchen / BBQ Area, Home Office","On-site Restaurant/Café, Security Staff, Gated Community, Concierge Services, Parking Space/Garage, Housekeeping Services, Spa, Green Spaces/Parks",,Spa,On-site Restaurant/Café,Concierge Services,,Yoo,"Amidst Marrakech's vibrant allure, indulge in opulent tranquility with breathtaking Atlas views.","This luxurious residence boasts breathtaking views of the Atlas Mountains and offers exclusive access to a private garden oasis, enhancing the ultimate Moroccan escape."
Yoo,https://www.yooresidences.com/property/yoo-tel-aviv/,"5 HaYarkon St, Tel Aviv-Yafo, Israel",2500000,1500,1500000,4000000,1667,150,2010,completed,high,yes,yes,94,Tel Aviv,Israel,"Infinity Pool, Fitness Room / Gym, Panoramic Views, Private Balcony / Terrace, Chef’s Kitchen, Home Office","On-site Restaurant/Café, Security Staff, Concierge Services, Parking Space/Garage, Rooftop Amenities, Housekeeping Services, Shared Lounges",,Rooftop Amenities,Concierge Services,On-site Restaurant/Café,,Yoo,Immerse yourself in luxury with breathtaking sea views and vibrant urban energy.,"This stunning residence boasts breathtaking Mediterranean Sea views, luxurious amenities, and direct access to vibrant beachfront culture, setting it apart."
Yoo,https://www.yooresidences.com/property/yoo-hyderabad/,"1-8-303/1, 2nd Floor, Gagan Vihar, Near Chikkadpally, Hyderabad, Telangana 500020, India",350000,200,250000,500000,1750,99,2018,completed,medium,yes,yes,95,Telangana,India,"Infinity Pool, Fitness Room / Gym, Private Balcony / Terrace, Chef’s Kitchen, Home Office","On-site Restaurant/Café, Security Staff, Gated Community, Concierge Services, Parking Space/Garage, Shared Lounges, Business Center, Green Spaces/Parks, Kids' Play Area",,Business Center,Shared Lounges,On-site Restaurant/Café,,Yoo,"A masterpiece of design, this ultra-luxurious residence boasts breathtaking skyline views.","Overlooking the stunning Hussain Sagar Lake, this residence boasts unparalleled skyline views and luxurious amenities, redefining urban living."
8 CONLAY,https://www.yooresidences.com/property/8-conlay-2/,"8 Conlay, 8 Jalan Conlay, 50450 Kuala Lumpur, Malaysia",800000,700,500000,1200000,1143,1062,2024,completed,high,yes,yes,96,Kuala Lumpur,Malaysia,"Infinity Pool, Spa / Wellness Area, Fitness Room / Gym, Panoramic Views, Private Balcony / Terrace, Chef’s Kitchen, Home Office","On-site Restaurant/Café, Security Staff, Gated Community, Concierge Services, Parking Space/Garage, Rooftop Amenities, Housekeeping Services, Spa, Shared Lounges, Green Spaces/Parks",,Spa,Rooftop Amenities,Concierge Services,,Yoo,Discover unparalleled luxury with breathtaking skyline views and exquisite architectural design.,"The 8 CONLAY boasts breathtaking panoramic views of the iconic Petronas Twin Towers and features luxurious amenities, including a sky garden and private pool."
Yoo One,https://www.yooresidences.com/property/yoo-one/,"Pune-Satara Road, Near Mhatre Bridge, Opp. Pethkar College, Pune, Maharashtra 411037, India",600000,250,400000,800000,2400,243,2025,under construction,medium,yes,yes,92,Pune,India,"Infinity Pool, Fitness Room / Gym, Panoramic Views, Private Balcony / Terrace, Chef’s Kitchen, Home Office, Spa / Wellness Area","On-site Restaurant/Café, Security Staff, Gated Community, Concierge Services, Parking Space/Garage, Rooftop Amenities, Housekeeping Services, Spa, Shared Lounges, Green Spaces/Parks, Kids' Play Area",,Rooftop Amenities,Spa,Concierge Services,,Yoo,Discover luxurious living with breathtaking panoramic views and exquisite contemporary design.,"Overlooking the serene Mula Mutha River, this residence boasts expansive terraces, unparalleled river views, and luxurious amenities like a private infinity pool."
Yoo Villas,https://www.yooresidences.com/property/yoo-villas/,"Kharadi, Pune, Maharashtra 411014, India",1200000,350,1000000,1500000,3429,181,2023,completed,high,yes,yes,96,Pune,India,"Private Pool, Fitness Room / Gym, Private Balcony / Terrace, Chef’s Kitchen, Home Office, Outdoor Kitchen / BBQ Area","On-site Restaurant/Café, Security Staff, Gated Community, Concierge Services, Parking Space/Garage, Residents’ Lounge, Kids' Play Area, Green Spaces/Parks, Game Room",,Residents’ Lounge,On-site Restaurant/Café,Green Spaces/Parks,,Yoo,Immerse in ultra-luxurious living with private pools and serene green vistas.,"Yoo Villas in Pune offer stunning panoramic views of the Sahyadri mountains, alongside luxurious amenities and expansive private gardens."
"Sky Oasis, Cotai Strip",https://www.yooresidences.com/property/sky-oasis-by-yoo/,"Cotai Strip, Macau, China",800000,1000,500000,1200000,800,1094,2019,completed,high,yes,yes,95,Macau,China,"Infinity Pool, Spa / Wellness Area, Fitness Room / Gym, Panoramic Views, Private Balcony / Terrace, Chef’s Kitchen, Home Office","On-site Restaurant/Café, Security Staff, Concierge Services, Parking Space/Garage, Rooftop Amenities, Housekeeping Services, Spa, Shared Lounges, Kids' Play Area, Green Spaces/Parks",,Spa,On-site Restaurant/Café,Green Spaces/Parks,,Yoo,Elevate your lifestyle with panoramic city views from your luxurious Sky Oasis.,"Sky Oasis on the Cotai Strip boasts breathtaking skyline views, luxurious amenities, and direct access to vibrant entertainment and dining options."